Workbook
Name ORDATA: [1]ORDATA!$B$3:$AV$2500
Name ORINDEX: [1]ORDATA!$B$2:$AS$2

Sheet check dali wipday
N1: 7-10 | P1: คำนวนถึงวันที่
N2: 0-6 | P2: 46265
A3: Material | B3: Matl group | C3: Component | D3: order | E3: Max Order-FO | F3: Next month 30% | G3: total fo+30% | H3: order avg/day | I3: fg | J3: wip | K3: total | L3: 20 | M3: note | N3: กรอง wip day | O3: Order | P3: กรอง diff ord | Q3: วันที่ขาด
A4: 19923 | B4: F-RP | C4: 19923;A | D4: =SUMIF(fo!C:C,A4,fo!U:U) -> 0 | E4: =SUMIF(fo!C:C,A4,fo!T:T) -> 0 | F4: =SUMIF(fo!C:C,A4,fo!Z:Z) -> 0 | G4: =SUM(E4:F4) -> 0 | H4: =G4/$L$3 -> 0 | I4: =SUMIF('dali wip-fg'!A:A,A4,'dali wip-fg'!F:F) -> 0 | J4: =SUMIF('dali wip-fg'!A:A,C4,'dali wip-fg'!F:F) -> 0 | K4: =+I4+J4 -> 0 | L4: =+K4/H4 -> #DIV/0! | N4: =IF(L4<6,"แดง",IF(AND(L4>=7,L4<=10),"เหลือง","อื่นๆ")) -> #DIV/0! | O4: =SUMIFS(ord!$F:$F, ord!$C:$C,'check dali wipday'!A4, ord!$G:$G, ">="&DATE(2025,1,1), ord!$G:$G, "<="&$P$2) -> 0 | P4: =+K4-O4 -> 0 | Q4: =IF(_xlfn.MINIFS('ord check'!C:C,'ord check'!$A:$A,'check dali wipday'!A4,'ord check'!J:J,"<0")=0,"",_xlfn.MINIFS('ord check'!C:C,'ord check'!A:A,'check dali wipday'!A4,'ord check'!J:J,"<0"))
A5: 1182003 | B5: F-RPM | C5: 1182003;A | D5: =SUMIF(fo!C:C,A5,fo!U:U) -> 0 | E5: =SUMIF(fo!C:C,A5,fo!T:T) -> 0 | F5: =SUMIF(fo!C:C,A5,fo!Z:Z) -> 0 | G5: =SUM(E5:F5) -> 0 | H5: =G5/$L$3 -> 0 | I5: =SUMIF('dali wip-fg'!A:A,A5,'dali wip-fg'!F:F) -> 0 | J5: =SUMIF('dali wip-fg'!A:A,C5,'dali wip-fg'!F:F) -> 0 | K5: =+I5+J5 -> 0 | L5: =+K5/H5 -> #DIV/0! | N5: =IF(L5<6,"แดง",IF(AND(L5>=7,L5<=10),"เหลือง","อื่นๆ")) -> #DIV/0! | O5: =SUMIFS(ord!$F:$F, ord!$C:$C,'check dali wipday'!A5, ord!$G:$G, ">="&DATE(2025,1,1), ord!$G:$G, "<="&$P$2) -> 0 | P5: =+K5-O5 -> 0 | Q5: =IF(_xlfn.MINIFS('ord check'!C:C,'ord check'!$A:$A,'check dali wipday'!A5,'ord check'!J:J,"<0")=0,"",_xlfn.MINIFS('ord check'!C:C,'ord check'!A:A,'check dali wipday'!A5,'ord check'!J:J,"<0"))
A6: 1182011 | B6: F-EM | C6: 1182011;A | D6: =SUMIF(fo!C:C,A6,fo!U:U) -> 0 | E6: =SUMIF(fo!C:C,A6,fo!T:T) -> 0 | F6: =SUMIF(fo!C:C,A6,fo!Z:Z) -> 0 | G6: =SUM(E6:F6) -> 0 | H6: =G6/$L$3 -> 0 | I6: =SUMIF('dali wip-fg'!A:A,A6,'dali wip-fg'!F:F) -> 0 | J6: =SUMIF('dali wip-fg'!A:A,C6,'dali wip-fg'!F:F) -> 0 | K6: =+I6+J6 -> 0 | L6: =+K6/H6 -> #DIV/0! | N6: =IF(L6<6,"แดง",IF(AND(L6>=7,L6<=10),"เหลือง","อื่นๆ")) -> #DIV/0! | O6: =SUMIFS(ord!$F:$F, ord!$C:$C,'check dali wipday'!A6, ord!$G:$G, ">="&DATE(2025,1,1), ord!$G:$G, "<="&$P$2) -> 0 | P6: =+K6-O6 -> 0 | Q6: =IF(_xlfn.MINIFS('ord check'!C:C,'ord check'!$A:$A,'check dali wipday'!A6,'ord check'!J:J,"<0")=0,"",_xlfn.MINIFS('ord check'!C:C,'ord check'!A:A,'check dali wipday'!A6,'ord check'!J:J,"<0"))
A7: 1184469 | B7: F-RPM | C7: 1184469;A | D7: =SUMIF(fo!C:C,A7,fo!U:U) -> 0 | E7: =SUMIF(fo!C:C,A7,fo!T:T) -> 0 | F7: =SUMIF(fo!C:C,A7,fo!Z:Z) -> 0 | G7: =SUM(E7:F7) -> 0 | H7: =G7/$L$3 -> 0 | I7: =SUMIF('dali wip-fg'!A:A,A7,'dali wip-fg'!F:F) -> 0 | J7: =SUMIF('dali wip-fg'!A:A,C7,'dali wip-fg'!F:F) -> 0 | K7: =+I7+J7 -> 0 | L7: =+K7/H7 -> #DIV/0! | N7: =IF(L7<6,"แดง",IF(AND(L7>=7,L7<=10),"เหลือง","อื่นๆ")) -> #DIV/0! | O7: =SUMIFS(ord!$F:$F, ord!$C:$C,'check dali wipday'!A7, ord!$G:$G, ">="&DATE(2025,1,1), ord!$G:$G, "<="&$P$2) -> 0 | P7: =+K7-O7 -> 0 | Q7: =IF(_xlfn.MINIFS('ord check'!C:C,'ord check'!$A:$A,'check dali wipday'!A7,'ord check'!J:J,"<0")=0,"",_xlfn.MINIFS('ord check'!C:C,'ord check'!A:A,'check dali wipday'!A7,'ord check'!J:J,"<0"))
A8: 1189300 | B8: F-RPM | C8: 1189300;A | D8: =SUMIF(fo!C:C,A8,fo!U:U) -> 0 | E8: =SUMIF(fo!C:C,A8,fo!T:T) -> 0 | F8: =SUMIF(fo!C:C,A8,fo!Z:Z) -> 0 | G8: =SUM(E8:F8) -> 0 | H8: =G8/$L$3 -> 0 | I8: =SUMIF('dali wip-fg'!A:A,A8,'dali wip-fg'!F:F) -> 0 | J8: =SUMIF('dali wip-fg'!A:A,C8,'dali wip-fg'!F:F) -> 0 | K8: =+I8+J8 -> 0 | L8: =+K8/H8 -> #DIV/0! | N8: =IF(L8<6,"แดง",IF(AND(L8>=7,L8<=10),"เหลือง","อื่นๆ")) -> #DIV/0! | O8: =SUMIFS(ord!$F:$F, ord!$C:$C,'check dali wipday'!A8, ord!$G:$G, ">="&DATE(2025,1,1), ord!$G:$G, "<="&$P$2) -> 0 | P8: =+K8-O8 -> 0 | Q8: =IF(_xlfn.MINIFS('ord check'!C:C,'ord check'!$A:$A,'check dali wipday'!A8,'ord check'!J:J,"<0")=0,"",_xlfn.MINIFS('ord check'!C:C,'ord check'!A:A,'check dali wipday'!A8,'ord check'!J:J,"<0"))
A9: 1189988 | B9: F-RPM | C9: 1189988;A | D9: =SUMIF(fo!C:C,A9,fo!U:U) -> 0 | E9: =SUMIF(fo!C:C,A9,fo!T:T) -> 0 | F9: =SUMIF(fo!C:C,A9,fo!Z:Z) -> 0 | G9: =SUM(E9:F9) -> 0 | H9: =G9/$L$3 -> 0 | I9: =SUMIF('dali wip-fg'!A:A,A9,'dali wip-fg'!F:F) -> 0 | J9: =SUMIF('dali wip-fg'!A:A,C9,'dali wip-fg'!F:F) -> 0 | K9: =+I9+J9 -> 0 | L9: =+K9/H9 -> #DIV/0! | N9: =IF(L9<6,"แดง",IF(AND(L9>=7,L9<=10),"เหลือง","อื่นๆ")) -> #DIV/0! | O9: =SUMIFS(ord!$F:$F, ord!$C:$C,'check dali wipday'!A9, ord!$G:$G, ">="&DATE(2025,1,1), ord!$G:$G, "<="&$P$2) -> 0 | P9: =+K9-O9 -> 0 | Q9: =IF(_xlfn.MINIFS('ord check'!C:C,'ord check'!$A:$A,'check dali wipday'!A9,'ord check'!J:J,"<0")=0,"",_xlfn.MINIFS('ord check'!C:C,'ord check'!A:A,'check dali wipday'!A9,'ord check'!J:J,"<0"))
A10: 5848516 | B10: F-RP | C10: 5848516;A | D10: =SUMIF(fo!C:C,A10,fo!U:U) -> 0 | E10: =SUMIF(fo!C:C,A10,fo!T:T) -> 0 | F10: =SUMIF(fo!C:C,A10,fo!Z:Z) -> 0 | G10: =SUM(E10:F10) -> 0 | H10: =G10/$L$3 -> 0 | I10: =SUMIF('dali wip-fg'!A:A,A10,'dali wip-fg'!F:F) -> 0 | J10: =SUMIF('dali wip-fg'!A:A,C10,'dali wip-fg'!F:F) -> 0 | K10: =+I10+J10 -> 0 | L10: =+K10/H10 -> #DIV/0! | N10: =IF(L10<6,"แดง",IF(AND(L10>=7,L10<=10),"เหลือง","อื่นๆ")) -> #DIV/0! | O10: =SUMIFS(ord!$F:$F, ord!$C:$C,'check dali wipday'!A10, ord!$G:$G, ">="&DATE(2025,1,1), ord!$G:$G, "<="&$P$2) -> 0 | P10: =+K10-O10 -> 0 | Q10: =IF(_xlfn.MINIFS('ord check'!C:C,'ord check'!$A:$A,'check dali wipday'!A10,'ord check'!J:J,"<0")=0,"",_xlfn.MINIFS('ord check'!C:C,'ord check'!A:A,'check dali wipday'!A10,'ord check'!J:J,"<0"))
A11: 97215052 | B11: F-EM | C11: 97215052;A | D11: =SUMIF(fo!C:C,A11,fo!U:U) -> 0 | E11: =SUMIF(fo!C:C,A11,fo!T:T) -> 0 | F11: =SUMIF(fo!C:C,A11,fo!Z:Z) -> 0 | G11: =SUM(E11:F11) -> 0 | H11: =G11/$L$3 -> 0 | I11: =SUMIF('dali wip-fg'!A:A,A11,'dali wip-fg'!F:F) -> 0 | J11: =SUMIF('dali wip-fg'!A:A,C11,'dali wip-fg'!F:F) -> 0 | K11: =+I11+J11 -> 0 | L11: =+K11/H11 -> #DIV/0! | N11: =IF(L11<6,"แดง",IF(AND(L11>=7,L11<=10),"เหลือง","อื่นๆ")) -> #DIV/0! | O11: =SUMIFS(ord!$F:$F, ord!$C:$C,'check dali wipday'!A11, ord!$G:$G, ">="&DATE(2025,1,1), ord!$G:$G, "<="&$P$2) -> 0 | P11: =+K11-O11 -> 0 | Q11: =IF(_xlfn.MINIFS('ord check'!C:C,'ord check'!$A:$A,'check dali wipday'!A11,'ord check'!J:J,"<0")=0,"",_xlfn.MINIFS('ord check'!C:C,'ord check'!A:A,'check dali wipday'!A11,'ord check'!J:J,"<0"))
A12: 97235925 | B12: F-EM | C12: 97235925;A | D12: =SUMIF(fo!C:C,A12,fo!U:U) -> 0 | E12: =SUMIF(fo!C:C,A12,fo!T:T) -> 0 | F12: =SUMIF(fo!C:C,A12,fo!Z:Z) -> 0 | G12: =SUM(E12:F12) -> 0 | H12: =G12/$L$3 -> 0 | I12: =SUMIF('dali wip-fg'!A:A,A12,'dali wip-fg'!F:F) -> 1868 | J12: =SUMIF('dali wip-fg'!A:A,C12,'dali wip-fg'!F:F) -> 0 | K12: =+I12+J12 -> 1868 | L12: =+K12/H12 -> #DIV/0! | N12: =IF(L12<6,"แดง",IF(AND(L12>=7,L12<=10),"เหลือง","อื่นๆ")) -> #DIV/0! | O12: =SUMIFS(ord!$F:$F, ord!$C:$C,'check dali wipday'!A12, ord!$G:$G, ">="&DATE(2025,1,1), ord!$G:$G, "<="&$P$2) -> 0 | P12: =+K12-O12 -> 1868 | Q12: =IF(_xlfn.MINIFS('ord check'!C:C,'ord check'!$A:$A,'check dali wipday'!A12,'ord check'!J:J,"<0")=0,"",_xlfn.MINIFS('ord check'!C:C,'ord check'!A:A,'check dali wipday'!A12,'ord check'!J:J,"<0"))
A13: 97946549 | B13: F-EM | C13: 97946549;A | D13: =SUMIF(fo!C:C,A13,fo!U:U) -> 0 | E13: =SUMIF(fo!C:C,A13,fo!T:T) -> 0 | F13: =SUMIF(fo!C:C,A13,fo!Z:Z) -> 0 | G13: =SUM(E13:F13) -> 0 | H13: =G13/$L$3 -> 0 | I13: =SUMIF('dali wip-fg'!A:A,A13,'dali wip-fg'!F:F) -> 51 | J13: =SUMIF('dali wip-fg'!A:A,C13,'dali wip-fg'!F:F) -> 0 | K13: =+I13+J13 -> 51 | L13: =+K13/H13 -> #DIV/0! | N13: =IF(L13<6,"แดง",IF(AND(L13>=7,L13<=10),"เหลือง","อื่นๆ")) -> #DIV/0! | O13: =SUMIFS(ord!$F:$F, ord!$C:$C,'check dali wipday'!A13, ord!$G:$G, ">="&DATE(2025,1,1), ord!$G:$G, "<="&$P$2) -> 0 | P13: =+K13-O13 -> 51 | Q13: =IF(_xlfn.MINIFS('ord check'!C:C,'ord check'!$A:$A,'check dali wipday'!A13,'ord check'!J:J,"<0")=0,"",_xlfn.MINIFS('ord check'!C:C,'ord check'!A:A,'check dali wipday'!A13,'ord check'!J:J,"<0"))
A14: 97946803 | B14: F-EM | C14: 97946803;A | D14: =SUMIF(fo!C:C,A14,fo!U:U) -> 0 | E14: =SUMIF(fo!C:C,A14,fo!T:T) -> 0 | F14: =SUMIF(fo!C:C,A14,fo!Z:Z) -> 0 | G14: =SUM(E14:F14) -> 0 | H14: =G14/$L$3 -> 0 | I14: =SUMIF('dali wip-fg'!A:A,A14,'dali wip-fg'!F:F) -> 0 | J14: =SUMIF('dali wip-fg'!A:A,C14,'dali wip-fg'!F:F) -> 0 | K14: =+I14+J14 -> 0 | L14: =+K14/H14 -> #DIV/0! | N14: =IF(L14<6,"แดง",IF(AND(L14>=7,L14<=10),"เหลือง","อื่นๆ")) -> #DIV/0! | O14: =SUMIFS(ord!$F:$F, ord!$C:$C,'check dali wipday'!A14, ord!$G:$G, ">="&DATE(2025,1,1), ord!$G:$G, "<="&$P$2) -> 0 | P14: =+K14-O14 -> 0 | Q14: =IF(_xlfn.MINIFS('ord check'!C:C,'ord check'!$A:$A,'check dali wipday'!A14,'ord check'!J:J,"<0")=0,"",_xlfn.MINIFS('ord check'!C:C,'ord check'!A:A,'check dali wipday'!A14,'ord check'!J:J,"<0"))
A15: 98181937 | B15: F-RP | C15: 98181937;A | D15: =SUMIF(fo!C:C,A15,fo!U:U) -> 0 | E15: =SUMIF(fo!C:C,A15,fo!T:T) -> 0 | F15: =SUMIF(fo!C:C,A15,fo!Z:Z) -> 0 | G15: =SUM(E15:F15) -> 0 | H15: =G15/$L$3 -> 0 | I15: =SUMIF('dali wip-fg'!A:A,A15,'dali wip-fg'!F:F) -> 0 | J15: =SUMIF('dali wip-fg'!A:A,C15,'dali wip-fg'!F:F) -> 0 | K15: =+I15+J15 -> 0 | L15: =+K15/H15 -> #DIV/0! | N15: =IF(L15<6,"แดง",IF(AND(L15>=7,L15<=10),"เหลือง","อื่นๆ")) -> #DIV/0! | O15: =SUMIFS(ord!$F:$F, ord!$C:$C,'check dali wipday'!A15, ord!$G:$G, ">="&DATE(2025,1,1), ord!$G:$G, "<="&$P$2) -> 0 | P15: =+K15-O15 -> 0 | Q15: =IF(_xlfn.MINIFS('ord check'!C:C,'ord check'!$A:$A,'check dali wipday'!A15,'ord check'!J:J,"<0")=0,"",_xlfn.MINIFS('ord check'!C:C,'ord check'!A:A,'check dali wipday'!A15,'ord check'!J:J,"<0"))
... A29: 8975385310 | B29: F-RP | C29: 8975385310;A | D29: =SUMIF(fo!C:C,A29,fo!U:U) -> 0 | E29: =SUMIF(fo!C:C,A29,fo!T:T) -> 0 | F29: =SUMIF(fo!C:C,A29,fo!Z:Z) -> 0 | G29: =SUM(E29:F29) -> 0 | H29: =G29/$L$3 -> 0 | I29: =SUMIF('dali wip-fg'!A:A,A29,'dali wip-fg'!F:F) -> 0 | J29: =SUMIF('dali wip-fg'!A:A,C29,'dali wip-fg'!F:F) -> 0 | K29: =+I29+J29 -> 0 | L29: =+K29/H29 -> #DIV/0! | N29: =IF(L29<6,"แดง",IF(AND(L29>=7,L29<=10),"เหลือง","อื่นๆ")) -> #DIV/0! | O29: =SUMIFS(ord!$F:$F, ord!$C:$C,'check dali wipday'!A29, ord!$G:$G, ">="&DATE(2025,1,1), ord!$G:$G, "<="&$P$2) -> 0 | P29: =+K29-O29 -> 0 | Q29: =IF(_xlfn.MINIFS('ord check'!C:C,'ord check'!$A:$A,'check dali wipday'!A29,'ord check'!J:J,"<0")=0,"",_xlfn.MINIFS('ord check'!C:C,'ord check'!A:A,'check dali wipday'!A29,'ord check'!J:J,"<0"))
A30: 8975579810 | B30: F-RPM | C30: 8975579810;A | D30: =SUMIF(fo!C:C,A30,fo!U:U) -> 48 | E30: =SUMIF(fo!C:C,A30,fo!T:T) -> 96 | F30: =SUMIF(fo!C:C,A30,fo!Z:Z) -> 22 | G30: =SUM(E30:F30) -> 118 | H30: =G30/$L$3 -> 5.9 | I30: =SUMIF('dali wip-fg'!A:A,A30,'dali wip-fg'!F:F) -> 36 | J30: =SUMIF('dali wip-fg'!A:A,C30,'dali wip-fg'!F:F)/2 -> 363 | K30: =+I30+J30 -> 399 | L30: =+K30/H30 -> 67.627119 | M30: งานเรียกน้อยต้องอบก่อน | N30: =IF(L30<6,"แดง",IF(AND(L30>=7,L30<=10),"เหลือง","อื่นๆ")) -> อื่นๆ | O30: =SUMIFS(ord!$F:$F, ord!$C:$C,'check dali wipday'!A30, ord!$G:$G, ">="&DATE(2025,1,1), ord!$G:$G, "<="&$P$2) -> 48 | P30: =+K30-O30 -> 351 | Q30: =IF(_xlfn.MINIFS('ord check'!C:C,'ord check'!$A:$A,'check dali wipday'!A30,'ord check'!J:J,"<0")=0,"",_xlfn.MINIFS('ord check'!C:C,'ord check'!A:A,'check dali wipday'!A30,'ord check'!J:J,"<0"))
A31: 8978291420 | B31: F-RP | C31: 8978291420;A | D31: =SUMIF(fo!C:C,A31,fo!U:U) -> 0 | E31: =SUMIF(fo!C:C,A31,fo!T:T) -> 0 | F31: =SUMIF(fo!C:C,A31,fo!Z:Z) -> 0 | G31: =SUM(E31:F31) -> 0 | H31: =G31/$L$3 -> 0 | I31: =SUMIF('dali wip-fg'!A:A,A31,'dali wip-fg'!F:F) -> 0 | J31: =SUMIF('dali wip-fg'!A:A,C31,'dali wip-fg'!F:F) -> 0 | K31: =+I31+J31 -> 0 | L31: =+K31/H31 -> #DIV/0! | N31: =IF(L31<6,"แดง",IF(AND(L31>=7,L31<=10),"เหลือง","อื่นๆ")) -> #DIV/0! | O31: =SUMIFS(ord!$F:$F, ord!$C:$C,'check dali wipday'!A31, ord!$G:$G, ">="&DATE(2025,1,1), ord!$G:$G, "<="&$P$2) -> 0 | P31: =+K31-O31 -> 0 | Q31: =IF(_xlfn.MINIFS('ord check'!C:C,'ord check'!$A:$A,'check dali wipday'!A31,'ord check'!J:J,"<0")=0,"",_xlfn.MINIFS('ord check'!C:C,'ord check'!A:A,'check dali wipday'!A31,'ord check'!J:J,"<0"))
A32: 8983517840 | B32: F-RP | C32: 8983517840;A | D32: =SUMIF(fo!C:C,A32,fo!U:U) -> 0 | E32: =SUMIF(fo!C:C,A32,fo!T:T) -> 0 | F32: =SUMIF(fo!C:C,A32,fo!Z:Z) -> 0 | G32: =SUM(E32:F32) -> 0 | H32: =G32/$L$3 -> 0 | I32: =SUMIF('dali wip-fg'!A:A,A32,'dali wip-fg'!F:F) -> 0 | J32: =SUMIF('dali wip-fg'!A:A,C32,'dali wip-fg'!F:F) -> 15 | K32: =+I32+J32 -> 15 | L32: =+K32/H32 -> #DIV/0! | N32: =IF(L32<6,"แดง",IF(AND(L32>=7,L32<=10),"เหลือง","อื่นๆ")) -> #DIV/0! | O32: =SUMIFS(ord!$F:$F, ord!$C:$C,'check dali wipday'!A32, ord!$G:$G, ">="&DATE(2025,1,1), ord!$G:$G, "<="&$P$2) -> 0 | P32: =+K32-O32 -> 15 | Q32: =IF(_xlfn.MINIFS('ord check'!C:C,'ord check'!$A:$A,'check dali wipday'!A32,'ord check'!J:J,"<0")=0,"",_xlfn.MINIFS('ord check'!C:C,'ord check'!A:A,'check dali wipday'!A32,'ord check'!J:J,"<0"))
A33: 8983943812 | B33: F-RP | C33: 8983943810;A | D33: =SUMIF(fo!C:C,A33,fo!U:U) -> 1265 | E33: =SUMIF(fo!C:C,A33,fo!T:T) -> 3411 | F33: =SUMIF(fo!C:C,A33,fo!Z:Z) -> 873 | G33: =SUM(E33:F33) -> 4284 | H33: =G33/$L$3 -> 214.2 | I33: =SUMIF('dali wip-fg'!A:A,A33,'dali wip-fg'!F:F) -> 194 | J33: =SUMIF('dali wip-fg'!A:A,C33,'dali wip-fg'!F:F) -> 1478 | K33: =+I33+J33 -> 1672 | L33: =+K33/H33 -> 7.805789 | M33: ให้ดู WIP DAY | N33: =IF(L33<6,"แดง",IF(AND(L33>=7,L33<=10),"เหลือง","อื่นๆ")) -> เหลือง | O33: =SUMIFS(ord!$F:$F, ord!$C:$C,'check dali wipday'!A33, ord!$G:$G, ">="&DATE(2025,1,1), ord!$G:$G, "<="&$P$2) -> 1347 | P33: =+K33-O33 -> 325 | Q33: ให้ดู WIP DAY
A34: 8983943831 | B34: F-RP | C34: 8983943830;A | D34: =SUMIF(fo!C:C,A34,fo!U:U) -> 3 | E34: =SUMIF(fo!C:C,A34,fo!T:T) -> 115 | F34: =SUMIF(fo!C:C,A34,fo!Z:Z) -> 51 | G34: =SUM(E34:F34) -> 166 | H34: =G34/$L$3 -> 8.3 | I34: =SUMIF('dali wip-fg'!A:A,A34,'dali wip-fg'!F:F) -> 0 | J34: =SUMIF('dali wip-fg'!A:A,C34,'dali wip-fg'!F:F) -> 203 | K34: =+I34+J34 -> 203 | L34: =+K34/H34 -> 24.457831 | M34: ให้ดู WIP DAY | N34: =IF(L34<6,"แดง",IF(AND(L34>=7,L34<=10),"เหลือง","อื่นๆ")) -> อื่นๆ | O34: =SUMIFS(ord!$F:$F, ord!$C:$C,'check dali wipday'!A34, ord!$G:$G, ">="&DATE(2025,1,1), ord!$G:$G, "<="&$P$2) -> 0 | P34: =+K34-O34 -> 203 | Q34: ให้ดู WIP DAY
A35: 8983943851 | B35: F-RP | C35: 8983943850;A | D35: =SUMIF(fo!C:C,A35,fo!U:U) -> 51 | E35: =SUMIF(fo!C:C,A35,fo!T:T) -> 51 | F35: =SUMIF(fo!C:C,A35,fo!Z:Z) -> 7 | G35: =SUM(E35:F35) -> 58 | H35: =G35/$L$3 -> 2.9 | I35: =SUMIF('dali wip-fg'!A:A,A35,'dali wip-fg'!F:F) -> 54 | J35: =SUMIF('dali wip-fg'!A:A,C35,'dali wip-fg'!F:F) -> 400 | K35: =+I35+J35 -> 454 | L35: =+K35/H35 -> 156.55172 | M35: ให้ดู WIP DAY | N35: =IF(L35<6,"แดง",IF(AND(L35>=7,L35<=10),"เหลือง","อื่นๆ")) -> อื่นๆ | O35: =SUMIFS(ord!$F:$F, ord!$C:$C,'check dali wipday'!A35, ord!$G:$G, ">="&DATE(2025,1,1), ord!$G:$G, "<="&$P$2) -> 56 | P35: =+K35-O35 -> 398 | Q35: ให้ดู WIP DAY
A36: 8983943862 | B36: F-RP | C36: 8983943860;A | D36: =SUMIF(fo!C:C,A36,fo!U:U) -> 1268 | E36: =SUMIF(fo!C:C,A36,fo!T:T) -> 6997 | F36: =SUMIF(fo!C:C,A36,fo!Z:Z) -> 1812 | G36: =SUM(E36:F36) -> 8809 | H36: =G36/$L$3 -> 440.45 | I36: =SUMIF('dali wip-fg'!A:A,A36,'dali wip-fg'!F:F) -> 679 | J36: =SUMIF('dali wip-fg'!A:A,C36,'dali wip-fg'!F:F) -> 2050 | K36: =+I36+J36 -> 2729 | L36: =+K36/H36 -> 6.195936 | M36: ให้ดู WIP DAY | N36: =IF(L36<6,"แดง",IF(AND(L36>=7,L36<=10),"เหลือง","อื่นๆ")) -> อื่นๆ | O36: =SUMIFS(ord!$F:$F, ord!$C:$C,'check dali wipday'!A36, ord!$G:$G, ">="&DATE(2025,1,1), ord!$G:$G, "<="&$P$2) -> 1438 | P36: =+K36-O36 -> 1291 | Q36: ให้ดู WIP DAY
A37: 8983947931 | B37: F-EM | C37: 8983947931;A | D37: =SUMIF(fo!C:C,A37,fo!U:U) -> 4973 | E37: =SUMIF(fo!C:C,A37,fo!T:T) -> 17986 | F37: =SUMIF(fo!C:C,A37,fo!Z:Z) -> 5305 | G37: =SUM(E37:F37) -> 23291 | H37: =G37/$L$3 -> 1164.55 | I37: =SUMIF('dali wip-fg'!A:A,A37,'dali wip-fg'!F:F) -> 2235 | J37: =SUMIF('dali wip-fg'!A:A,C37,'dali wip-fg'!F:F) -> 5728 | K37: =+I37+J37 -> 7963 | L37: =+K37/H37 -> 6.8378344 | M37: ให้ดู WIP DAY | N37: =IF(L37<6,"แดง",IF(AND(L37>=7,L37<=10),"เหลือง","อื่นๆ")) -> อื่นๆ | O37: =SUMIFS(ord!$F:$F, ord!$C:$C,'check dali wipday'!A37, ord!$G:$G, ">="&DATE(2025,1,1), ord!$G:$G, "<="&$P$2) -> 4984 | P37: =+K37-O37 -> 2979 | Q37: ให้ดู WIP DAY
A38: 8983954210 | B38: F-EM | C38: 8983954210;A | D38: =SUMIF(fo!C:C,A38,fo!U:U) -> 485 | E38: =SUMIF(fo!C:C,A38,fo!T:T) -> 4359 | F38: =SUMIF(fo!C:C,A38,fo!Z:Z) -> 514 | G38: =SUM(E38:F38) -> 4873 | H38: =G38/$L$3 -> 243.65 | I38: =SUMIF('dali wip-fg'!A:A,A38,'dali wip-fg'!F:F) -> 1696 | J38: =SUMIF('dali wip-fg'!A:A,C38,'dali wip-fg'!F:F) -> 5388 | K38: =+I38+J38 -> 7084 | L38: =SUBTOTAL(9,L34:L37) -> 194.04333 | M38: ให้ดู WIP DAY | N38: =IF(L38<6,"แดง",IF(AND(L38>=7,L38<=10),"เหลือง","อื่นๆ")) -> อื่นๆ | O38: =SUMIFS(ord!$F:$F, ord!$C:$C,'check dali wipday'!A38, ord!$G:$G, ">="&DATE(2025,1,1), ord!$G:$G, "<="&$P$2) -> 870 | P38: =+K38-O38 -> 6214 | Q38: ให้ดู WIP DAY
A39: 22800055900000 | B39: F-FLOAT | C39: 0228-00055-90;A2 | D39: =SUMIF(fo!C:C,A39,fo!U:U) -> 0 | E39: =SUMIF(fo!C:C,A39,fo!T:T) -> 0 | F39: =SUMIF(fo!C:C,A39,fo!Z:Z) -> 0 | G39: =SUM(E39:F39) -> 0 | H39: =G39/$L$3 -> 0 | I39: =SUMIF('dali wip-fg'!A:A,A39,'dali wip-fg'!F:F) -> 0 | J39: =SUMIF('dali wip-fg'!A:A,C39,'dali wip-fg'!F:F) -> 0 | K39: =+I39+J39 -> 0 | L39: =+K39/H39 -> #DIV/0! | N39: =IF(L39<6,"แดง",IF(AND(L39>=7,L39<=10),"เหลือง","อื่นๆ")) -> #DIV/0! | O39: =SUMIFS(ord!$F:$F, ord!$C:$C,'check dali wipday'!A39, ord!$G:$G, ">="&DATE(2025,1,1), ord!$G:$G, "<="&$P$2) -> 0 | P39: =+K39-O39 -> 0 | Q39: =IF(_xlfn.MINIFS('ord check'!C:C,'ord check'!$A:$A,'check dali wipday'!A39,'ord check'!J:J,"<0")=0,"",_xlfn.MINIFS('ord check'!C:C,'ord check'!A:A,'check dali wipday'!A39,'ord check'!J:J,"<0"))
A40: 22800059900000 | B40: F-FLOAT | C40: 0228-0008-00;A2 | D40: =SUMIF(fo!C:C,A40,fo!U:U) -> 0 | E40: =SUMIF(fo!C:C,A40,fo!T:T) -> 0 | F40: =SUMIF(fo!C:C,A40,fo!Z:Z) -> 0 | G40: =SUM(E40:F40) -> 0 | H40: =G40/$L$3 -> 0 | I40: =SUMIF('dali wip-fg'!A:A,A40,'dali wip-fg'!F:F) -> 0 | J40: =SUMIF('dali wip-fg'!A:A,C40,'dali wip-fg'!F:F) -> 0 | K40: =+I40+J40 -> 0 | L40: =+K40/H40 -> #DIV/0! | N40: =IF(L40<6,"แดง",IF(AND(L40>=7,L40<=10),"เหลือง","อื่นๆ")) -> #DIV/0! | O40: =SUMIFS(ord!$F:$F, ord!$C:$C,'check dali wipday'!A40, ord!$G:$G, ">="&DATE(2025,1,1), ord!$G:$G, "<="&$P$2) -> 0 | P40: =+K40-O40 -> 0 | Q40: =IF(_xlfn.MINIFS('ord check'!C:C,'ord check'!$A:$A,'check dali wipday'!A40,'ord check'!J:J,"<0")=0,"",_xlfn.MINIFS('ord check'!C:C,'ord check'!A:A,'check dali wipday'!A40,'ord check'!J:J,"<0"))
A41: 0001-001 | B41: F-VAC | C41: 0001-001;A | D41: =SUMIF(fo!C:C,A41,fo!U:U) -> 0 | E41: =SUMIF(fo!C:C,A41,fo!T:T) -> 0 | F41: =SUMIF(fo!C:C,A41,fo!Z:Z) -> 0 | G41: =SUM(E41:F41) -> 0 | H41: =G41/$L$3 -> 0 | I41: =SUMIF('dali wip-fg'!A:A,A41,'dali wip-fg'!F:F) -> 0 | J41: =SUMIF('dali wip-fg'!A:A,C41,'dali wip-fg'!F:F) -> 0 | K41: =+I41+J41 -> 0 | L41: =+K41/H41 -> #DIV/0! | N41: =IF(L41<6,"แดง",IF(AND(L41>=7,L41<=10),"เหลือง","อื่นๆ")) -> #DIV/0! | O41: =SUMIFS(ord!$F:$F, ord!$C:$C,'check dali wipday'!A41, ord!$G:$G, ">="&DATE(2025,1,1), ord!$G:$G, "<="&$P$2) -> 0 | P41: =+K41-O41 -> 0 | Q41: =IF(_xlfn.MINIFS('ord check'!C:C,'ord check'!$A:$A,'check dali wipday'!A41,'ord check'!J:J,"<0")=0,"",_xlfn.MINIFS('ord check'!C:C,'ord check'!A:A,'check dali wipday'!A41,'ord check'!J:J,"<0"))
A42: 0108-I190-GASKET | B42: F-RP | C42: 0108-I190-GASKET;A | D42: =SUMIF(fo!C:C,A42,fo!U:U) -> 0 | E42: =SUMIF(fo!C:C,A42,fo!T:T) -> 0 | F42: =SUMIF(fo!C:C,A42,fo!Z:Z) -> 0 | G42: =SUM(E42:F42) -> 0 | H42: =G42/$L$3 -> 0 | I42: =SUMIF('dali wip-fg'!A:A,A42,'dali wip-fg'!F:F) -> 0 | J42: =SUMIF('dali wip-fg'!A:A,C42,'dali wip-fg'!F:F) -> 0 | K42: =+I42+J42 -> 0 | L42: =+K42/H42 -> #DIV/0! | N42: =IF(L42<6,"แดง",IF(AND(L42>=7,L42<=10),"เหลือง","อื่นๆ")) -> #DIV/0! | O42: =SUMIFS(ord!$F:$F, ord!$C:$C,'check dali wipday'!A42, ord!$G:$G, ">="&DATE(2025,1,1), ord!$G:$G, "<="&$P$2) -> 0 | P42: =+K42-O42 -> 0 | Q42: =IF(_xlfn.MINIFS('ord check'!C:C,'ord check'!$A:$A,'check dali wipday'!A42,'ord check'!J:J,"<0")=0,"",_xlfn.MINIFS('ord check'!C:C,'ord check'!A:A,'check dali wipday'!A42,'ord check'!J:J,"<0"))
A43: 01-640280 | B43: F-RP | C43: 01-640280;A | D43: =SUMIF(fo!C:C,A43,fo!U:U) -> 0 | E43: =SUMIF(fo!C:C,A43,fo!T:T) -> 0 | F43: =SUMIF(fo!C:C,A43,fo!Z:Z) -> 0 | G43: =SUM(E43:F43) -> 0 | H43: =G43/$L$3 -> 0 | I43: =SUMIF('dali wip-fg'!A:A,A43,'dali wip-fg'!F:F) -> 0 | J43: =SUMIF('dali wip-fg'!A:A,C43,'dali wip-fg'!F:F) -> 0 | K43: =+I43+J43 -> 0 | L43: =+K43/H43 -> #DIV/0! | N43: =IF(L43<6,"แดง",IF(AND(L43>=7,L43<=10),"เหลือง","อื่นๆ")) -> #DIV/0! | O43: =SUMIFS(ord!$F:$F, ord!$C:$C,'check dali wipday'!A43, ord!$G:$G, ">="&DATE(2025,1,1), ord!$G:$G, "<="&$P$2) -> 0 | P43: =+K43-O43 -> 0 | Q43: =IF(_xlfn.MINIFS('ord check'!C:C,'ord check'!$A:$A,'check dali wipday'!A43,'ord check'!J:J,"<0")=0,"",_xlfn.MINIFS('ord check'!C:C,'ord check'!A:A,'check dali wipday'!A43,'ord check'!J:J,"<0"))
A44: 01-640312 | B44: F-RP | C44: 01-640312;A | D44: =SUMIF(fo!C:C,A44,fo!U:U) -> 0 | E44: =SUMIF(fo!C:C,A44,fo!T:T) -> 0 | F44: =SUMIF(fo!C:C,A44,fo!Z:Z) -> 0 | G44: =SUM(E44:F44) -> 0 | H44: =G44/$L$3 -> 0 | I44: =SUMIF('dali wip-fg'!A:A,A44,'dali wip-fg'!F:F) -> 0 | J44: =SUMIF('dali wip-fg'!A:A,C44,'dali wip-fg'!F:F) -> 0 | K44: =+I44+J44 -> 0 | L44: =+K44/H44 -> #DIV/0! | N44: =IF(L44<6,"แดง",IF(AND(L44>=7,L44<=10),"เหลือง","อื่นๆ")) -> #DIV/0! | O44: =SUMIFS(ord!$F:$F, ord!$C:$C,'check dali wipday'!A44, ord!$G:$G, ">="&DATE(2025,1,1), ord!$G:$G, "<="&$P$2) -> 0 | P44: =+K44-O44 -> 0 | Q44: =IF(_xlfn.MINIFS('ord check'!C:C,'ord check'!$A:$A,'check dali wipday'!A44,'ord check'!J:J,"<0")=0,"",_xlfn.MINIFS('ord check'!C:C,'ord check'!A:A,'check dali wipday'!A44,'ord check'!J:J,"<0"))
A45: 0208-28-320 | B45: F-EM | C45: 0208-28-320;A | D45: =SUMIF(fo!C:C,A45,fo!U:U) -> 0 | E45: =SUMIF(fo!C:C,A45,fo!T:T) -> 0 | F45: =SUMIF(fo!C:C,A45,fo!Z:Z) -> 0 | G45: =SUM(E45:F45) -> 0 | H45: =G45/$L$3 -> 0 | I45: =SUMIF('dali wip-fg'!A:A,A45,'dali wip-fg'!F:F) -> 0 | J45: =SUMIF('dali wip-fg'!A:A,C45,'dali wip-fg'!F:F) -> 0 | K45: =+I45+J45 -> 0 | L45: =+K45/H45 -> #DIV/0! | N45: =IF(L45<6,"แดง",IF(AND(L45>=7,L45<=10),"เหลือง","อื่นๆ")) -> #DIV/0! | O45: =SUMIFS(ord!$F:$F, ord!$C:$C,'check dali wipday'!A45, ord!$G:$G, ">="&DATE(2025,1,1), ord!$G:$G, "<="&$P$2) -> 0 | P45: =+K45-O45 -> 0 | Q45: =IF(_xlfn.MINIFS('ord check'!C:C,'ord check'!$A:$A,'check dali wipday'!A45,'ord check'!J:J,"<0")=0,"",_xlfn.MINIFS('ord check'!C:C,'ord check'!A:A,'check dali wipday'!A45,'ord check'!J:J,"<0"))
A46: 0228-00008-92-00 | B46: F-FLOAT | C46: 0228-0008-00;A2 | D46: =SUMIF(fo!C:C,A46,fo!U:U) -> 0 | E46: =SUMIF(fo!C:C,A46,fo!T:T) -> 0 | F46: =SUMIF(fo!C:C,A46,fo!Z:Z) -> 0 | G46: =SUM(E46:F46) -> 0 | H46: =G46/$L$3 -> 0 | I46: =SUMIF('dali wip-fg'!A:A,A46,'dali wip-fg'!F:F) -> 0 | J46: =SUMIF('dali wip-fg'!A:A,C46,'dali wip-fg'!F:F) -> 0 | K46: =+I46+J46 -> 0 | L46: =+K46/H46 -> #DIV/0! | N46: =IF(L46<6,"แดง",IF(AND(L46>=7,L46<=10),"เหลือง","อื่นๆ")) -> #DIV/0! | O46: =SUMIFS(ord!$F:$F, ord!$C:$C,'check dali wipday'!A46, ord!$G:$G, ">="&DATE(2025,1,1), ord!$G:$G, "<="&$P$2) -> 0 | P46: =+K46-O46 -> 0 | Q46: =IF(_xlfn.MINIFS('ord check'!C:C,'ord check'!$A:$A,'check dali wipday'!A46,'ord check'!J:J,"<0")=0,"",_xlfn.MINIFS('ord check'!C:C,'ord check'!A:A,'check dali wipday'!A46,'ord check'!J:J,"<0"))
A47: 0228-00019-9000 | B47: F-FLOAT | C47: 0228-00019-9000;A2 | D47: =SUMIF(fo!C:C,A47,fo!U:U) -> 0 | E47: =SUMIF(fo!C:C,A47,fo!T:T) -> 0 | F47: =SUMIF(fo!C:C,A47,fo!Z:Z) -> 0 | G47: =SUM(E47:F47) -> 0 | H47: =G47/$L$3 -> 0 | I47: =SUMIF('dali wip-fg'!A:A,A47,'dali wip-fg'!F:F) -> 0 | J47: =SUMIF('dali wip-fg'!A:A,C47,'dali wip-fg'!F:F) -> 0 | K47: =+I47+J47 -> 0 | L47: =+K47/H47 -> #DIV/0! | N47: =IF(L47<6,"แดง",IF(AND(L47>=7,L47<=10),"เหลือง","อื่นๆ")) -> #DIV/0! | O47: =SUMIFS(ord!$F:$F, ord!$C:$C,'check dali wipday'!A47, ord!$G:$G, ">="&DATE(2025,1,1), ord!$G:$G, "<="&$P$2) -> 0 | P47: =+K47-O47 -> 0 | Q47: =IF(_xlfn.MINIFS('ord check'!C:C,'ord check'!$A:$A,'check dali wipday'!A47,'ord check'!J:J,"<0")=0,"",_xlfn.MINIFS('ord check'!C:C,'ord check'!A:A,'check dali wipday'!A47,'ord check'!J:J,"<0"))
A48: 0228000199000K | B48: F-FLOAT | C48: 0228-00019-9000;A2 | D48: =SUMIF(fo!C:C,A48,fo!U:U) -> 0 | E48: =SUMIF(fo!C:C,A48,fo!T:T) -> 0 | F48: =SUMIF(fo!C:C,A48,fo!Z:Z) -> 0 | G48: =SUM(E48:F48) -> 0 | H48: =G48/$L$3 -> 0 | I48: =SUMIF('dali wip-fg'!A:A,A48,'dali wip-fg'!F:F) -> 0 | J48: =SUMIF('dali wip-fg'!A:A,C48,'dali wip-fg'!F:F) -> 0 | K48: =+I48+J48 -> 0 | L48: =+K48/H48 -> #DIV/0! | N48: =IF(L48<6,"แดง",IF(AND(L48>=7,L48<=10),"เหลือง","อื่นๆ")) -> #DIV/0! | O48: =SUMIFS(ord!$F:$F, ord!$C:$C,'check dali wipday'!A48, ord!$G:$G, ">="&DATE(2025,1,1), ord!$G:$G, "<="&$P$2) -> 0 | P48: =+K48-O48 -> 0 | Q48: =IF(_xlfn.MINIFS('ord check'!C:C,'ord check'!$A:$A,'check dali wipday'!A48,'ord check'!J:J,"<0")=0,"",_xlfn.MINIFS('ord check'!C:C,'ord check'!A:A,'check dali wipday'!A48,'ord check'!J:J,"<0"))
A49: 0228000199000VN | B49: F-FLOAT | C49: 0228-00019-9000;A2 | D49: =SUMIF(fo!C:C,A49,fo!U:U) -> 0 | E49: =SUMIF(fo!C:C,A49,fo!T:T) -> 0 | F49: =SUMIF(fo!C:C,A49,fo!Z:Z) -> 0 | G49: =SUM(E49:F49) -> 0 | H49: =G49/$L$3 -> 0 | I49: =SUMIF('dali wip-fg'!A:A,A49,'dali wip-fg'!F:F) -> 0 | J49: =SUMIF('dali wip-fg'!A:A,C49,'dali wip-fg'!F:F) -> 0 | K49: =+I49+J49 -> 0 | L49: =+K49/H49 -> #DIV/0! | N49: =IF(L49<6,"แดง",IF(AND(L49>=7,L49<=10),"เหลือง","อื่นๆ")) -> #DIV/0! | O49: =SUMIFS(ord!$F:$F, ord!$C:$C,'check dali wipday'!A49, ord!$G:$G, ">="&DATE(2025,1,1), ord!$G:$G, "<="&$P$2) -> 0 | P49: =+K49-O49 -> 0 | Q49: =IF(_xlfn.MINIFS('ord check'!C:C,'ord check'!$A:$A,'check dali wipday'!A49,'ord check'!J:J,"<0")=0,"",_xlfn.MINIFS('ord check'!C:C,'ord check'!A:A,'check dali wipday'!A49,'ord check'!J:J,"<0"))
A50: 0228000199C0002 | B50: F-FLOAT | C50: 0228-00019-9000;A2 | D50: =SUMIF(fo!C:C,A50,fo!U:U) -> 0 | E50: =SUMIF(fo!C:C,A50,fo!T:T) -> 0 | F50: =SUMIF(fo!C:C,A50,fo!Z:Z) -> 0 | G50: =SUM(E50:F50) -> 0 | H50: =G50/$L$3 -> 0 | I50: =SUMIF('dali wip-fg'!A:A,A50,'dali wip-fg'!F:F) -> 0 | J50: =SUMIF('dali wip-fg'!A:A,C50,'dali wip-fg'!F:F) -> 0 | K50: =+I50+J50 -> 0 | L50: =+K50/H50 -> #DIV/0! | N50: =IF(L50<6,"แดง",IF(AND(L50>=7,L50<=10),"เหลือง","อื่นๆ")) -> #DIV/0! | O50: =SUMIFS(ord!$F:$F, ord!$C:$C,'check dali wipday'!A50, ord!$G:$G, ">="&DATE(2025,1,1), ord!$G:$G, "<="&$P$2) -> 0 | P50: =+K50-O50 -> 0 | Q50: =IF(_xlfn.MINIFS('ord check'!C:C,'ord check'!$A:$A,'check dali wipday'!A50,'ord check'!J:J,"<0")=0,"",_xlfn.MINIFS('ord check'!C:C,'ord check'!A:A,'check dali wipday'!A50,'ord check'!J:J,"<0"))
A51: 0228-00050-90-001 | B51: F-FLOAT | C51: 0228-00050-90;A2 | D51: =SUMIF(fo!C:C,A51,fo!U:U) -> 0 | E51: =SUMIF(fo!C:C,A51,fo!T:T) -> 0 | F51: =SUMIF(fo!C:C,A51,fo!Z:Z) -> 0 | G51: =SUM(E51:F51) -> 0 | H51: =G51/$L$3 -> 0 | I51: =SUMIF('dali wip-fg'!A:A,A51,'dali wip-fg'!F:F) -> 0 | J51: =SUMIF('dali wip-fg'!A:A,C51,'dali wip-fg'!F:F) -> 0 | K51: =+I51+J51 -> 0 | L51: =+K51/H51 -> #DIV/0! | N51: =IF(L51<6,"แดง",IF(AND(L51>=7,L51<=10),"เหลือง","อื่นๆ")) -> #DIV/0! | O51: =SUMIFS(ord!$F:$F, ord!$C:$C,'check dali wipday'!A51, ord!$G:$G, ">="&DATE(2025,1,1), ord!$G:$G, "<="&$P$2) -> 0 | P51: =+K51-O51 -> 0 | Q51: =IF(_xlfn.MINIFS('ord check'!C:C,'ord check'!$A:$A,'check dali wipday'!A51,'ord check'!J:J,"<0")=0,"",_xlfn.MINIFS('ord check'!C:C,'ord check'!A:A,'check dali wipday'!A51,'ord check'!J:J,"<0"))
A52: 0228000509C0001 | B52: F-FLOAT | C52: 0228-00050-90;A2 | D52: =SUMIF(fo!C:C,A52,fo!U:U) -> 0 | E52: =SUMIF(fo!C:C,A52,fo!T:T) -> 0 | F52: =SUMIF(fo!C:C,A52,fo!Z:Z) -> 0 | G52: =SUM(E52:F52) -> 0 | H52: =G52/$L$3 -> 0 | I52: =SUMIF('dali wip-fg'!A:A,A52,'dali wip-fg'!F:F) -> 0 | J52: =SUMIF('dali wip-fg'!A:A,C52,'dali wip-fg'!F:F) -> 0 | K52: =+I52+J52 -> 0 | L52: =+K52/H52 -> #DIV/0! | N52: =IF(L52<6,"แดง",IF(AND(L52>=7,L52<=10),"เหลือง","อื่นๆ")) -> #DIV/0! | O52: =SUMIFS(ord!$F:$F, ord!$C:$C,'check dali wipday'!A52, ord!$G:$G, ">="&DATE(2025,1,1), ord!$G:$G, "<="&$P$2) -> 0 | P52: =+K52-O52 -> 0 | Q52: =IF(_xlfn.MINIFS('ord check'!C:C,'ord check'!$A:$A,'check dali wipday'!A52,'ord check'!J:J,"<0")=0,"",_xlfn.MINIFS('ord check'!C:C,'ord check'!A:A,'check dali wipday'!A52,'ord check'!J:J,"<0"))
... A132: 11220-71L00 | B132: F-EM | C132: 11220-71L00;A | D132: =SUMIF(fo!C:C,A132,fo!U:U) -> 0 | E132: =SUMIF(fo!C:C,A132,fo!T:T) -> 0 | F132: =SUMIF(fo!C:C,A132,fo!Z:Z) -> 0 | G132: =SUM(E132:F132) -> 0 | H132: =G132/$L$3 -> 0 | I132: =SUMIF('dali wip-fg'!A:A,A132,'dali wip-fg'!F:F) -> 0 | J132: =SUMIF('dali wip-fg'!A:A,C132,'dali wip-fg'!F:F) -> 0 | K132: =+I132+J132 -> 0 | L132: =+K132/H132 -> #DIV/0! | N132: =IF(L132<6,"แดง",IF(AND(L132>=7,L132<=10),"เหลือง","อื่นๆ")) -> #DIV/0! | O132: =SUMIFS(ord!$F:$F, ord!$C:$C,'check dali wipday'!A132, ord!$G:$G, ">="&DATE(2025,1,1), ord!$G:$G, "<="&$P$2) -> 0 | P132: =+K132-O132 -> 0 | Q132: =IF(_xlfn.MINIFS('ord check'!C:C,'ord check'!$A:$A,'check dali wipday'!A132,'ord check'!J:J,"<0")=0,"",_xlfn.MINIFS('ord check'!C:C,'ord check'!A:A,'check dali wipday'!A132,'ord check'!J:J,"<0"))
A133: 11315-41H00 | B133: F-RPM | C133: 11315-41H00;A | D133: =SUMIF(fo!C:C,A133,fo!U:U) -> 20 | E133: =SUMIF(fo!C:C,A133,fo!T:T) -> 50 | F133: =SUMIF(fo!C:C,A133,fo!Z:Z) -> 15 | G133: =SUM(E133:F133) -> 65 | H133: =G133/$L$3 -> 3.25 | I133: =SUMIF('dali wip-fg'!A:A,A133,'dali wip-fg'!F:F) -> 46 | J133: =SUMIF('dali wip-fg'!A:A,C133,'dali wip-fg'!F:F) -> 3458 | K133: =+I133+J133 -> 3504 | L133: =+K133/H133 -> 1078.1538 | M133: bush | N133: =IF(L133<29,"แดง",IF(AND(L133>=25,L133<=20),"เหลือง","อื่นๆ")) -> อื่นๆ | O133: =SUMIFS(ord!$F:$F, ord!$C:$C,'check dali wipday'!A133, ord!$G:$G, ">="&DATE(2025,1,1), ord!$G:$G, "<="&$P$2) -> 0 | P133: =+K133-O133 -> 3504 | Q133: =IF(_xlfn.MINIFS('ord check'!C:C,'ord check'!$A:$A,'check dali wipday'!A133,'ord check'!J:J,"<0")=0,"",_xlfn.MINIFS('ord check'!C:C,'ord check'!A:A,'check dali wipday'!A133,'ord check'!J:J,"<0"))
A134: 11315-46G00 | B134: F-EM | C134: 11315-46G00;A | D134: =SUMIF(fo!C:C,A134,fo!U:U) -> 0 | E134: =SUMIF(fo!C:C,A134,fo!T:T) -> 0 | F134: =SUMIF(fo!C:C,A134,fo!Z:Z) -> 0 | G134: =SUM(E134:F134) -> 0 | H134: =G134/$L$3 -> 0 | I134: =SUMIF('dali wip-fg'!A:A,A134,'dali wip-fg'!F:F) -> 0 | J134: =SUMIF('dali wip-fg'!A:A,C134,'dali wip-fg'!F:F) -> 0 | K134: =+I134+J134 -> 0 | L134: =+K134/H134 -> #DIV/0! | N134: =IF(L134<6,"แดง",IF(AND(L134>=7,L134<=10),"เหลือง","อื่นๆ")) -> #DIV/0! | O134: =SUMIFS(ord!$F:$F, ord!$C:$C,'check dali wipday'!A134, ord!$G:$G, ">="&DATE(2025,1,1), ord!$G:$G, "<="&$P$2) -> 0 | P134: =+K134-O134 -> 0 | Q134: =IF(_xlfn.MINIFS('ord check'!C:C,'ord check'!$A:$A,'check dali wipday'!A134,'ord check'!J:J,"<0")=0,"",_xlfn.MINIFS('ord check'!C:C,'ord check'!A:A,'check dali wipday'!A134,'ord check'!J:J,"<0"))
A135: 11316-41H00 | B135: F-RPM | C135: 11316-41H00;A | D135: =SUMIF(fo!C:C,A135,fo!U:U) -> 90 | E135: =SUMIF(fo!C:C,A135,fo!T:T) -> 90 | F135: =SUMIF(fo!C:C,A135,fo!Z:Z) -> 23 | G135: =SUM(E135:F135) -> 113 | H135: =G135/$L$3 -> 5.65 | I135: =SUMIF('dali wip-fg'!A:A,A135,'dali wip-fg'!F:F) -> 138 | J135: =SUMIF('dali wip-fg'!A:A,C135,'dali wip-fg'!F:F) -> 204 | K135: =+I135+J135 -> 342 | L135: =+K135/H135 -> 60.530973 | M135: bush | N135: =IF(L135<29,"แดง",IF(AND(L135>=25,L135<=20),"เหลือง","อื่นๆ")) -> อื่นๆ | O135: =SUMIFS(ord!$F:$F, ord!$C:$C,'check dali wipday'!A135, ord!$G:$G, ">="&DATE(2025,1,1), ord!$G:$G, "<="&$P$2) -> 90 | P135: =+K135-O135 -> 252 | Q135: =IF(_xlfn.MINIFS('ord check'!C:C,'ord check'!$A:$A,'check dali wipday'!A135,'ord check'!J:J,"<0")=0,"",_xlfn.MINIFS('ord check'!C:C,'ord check'!A:A,'check dali wipday'!A135,'ord check'!J:J,"<0"))
A136: 11320-01A02 | B136: F-EM | C136: 11320-01A02;A | D136: =SUMIF(fo!C:C,A136,fo!U:U) -> 0 | E136: =SUMIF(fo!C:C,A136,fo!T:T) -> 0 | F136: =SUMIF(fo!C:C,A136,fo!Z:Z) -> 0 | G136: =SUM(E136:F136) -> 0 | H136: =G136/$L$3 -> 0 | I136: =SUMIF('dali wip-fg'!A:A,A136,'dali wip-fg'!F:F) -> 0 | J136: =SUMIF('dali wip-fg'!A:A,C136,'dali wip-fg'!F:F) -> 0 | K136: =+I136+J136 -> 0 | L136: =+K136/H136 -> #DIV/0! | N136: =IF(L136<6,"แดง",IF(AND(L136>=7,L136<=10),"เหลือง","อื่นๆ")) -> #DIV/0! | O136: =SUMIFS(ord!$F:$F, ord!$C:$C,'check dali wipday'!A136, ord!$G:$G, ">="&DATE(2025,1,1), ord!$G:$G, "<="&$P$2) -> 0 | P136: =+K136-O136 -> 0 | Q136: =IF(_xlfn.MINIFS('ord check'!C:C,'ord check'!$A:$A,'check dali wipday'!A136,'ord check'!J:J,"<0")=0,"",_xlfn.MINIFS('ord check'!C:C,'ord check'!A:A,'check dali wipday'!A136,'ord check'!J:J,"<0"))
A137: 11320-41L03 | B137: F-EM | C137: 11320-41L03;A | D137: =SUMIF(fo!C:C,A137,fo!U:U) -> 0 | E137: =SUMIF(fo!C:C,A137,fo!T:T) -> 0 | F137: =SUMIF(fo!C:C,A137,fo!Z:Z) -> 0 | G137: =SUM(E137:F137) -> 0 | H137: =G137/$L$3 -> 0 | I137: =SUMIF('dali wip-fg'!A:A,A137,'dali wip-fg'!F:F) -> 0 | J137: =SUMIF('dali wip-fg'!A:A,C137,'dali wip-fg'!F:F) -> 0 | K137: =+I137+J137 -> 0 | L137: =+K137/H137 -> #DIV/0! | N137: =IF(L137<6,"แดง",IF(AND(L137>=7,L137<=10),"เหลือง","อื่นๆ")) -> #DIV/0! | O137: =SUMIFS(ord!$F:$F, ord!$C:$C,'check dali wipday'!A137, ord!$G:$G, ">="&DATE(2025,1,1), ord!$G:$G, "<="&$P$2) -> 0 | P137: =+K137-O137 -> 0 | Q137: =IF(_xlfn.MINIFS('ord check'!C:C,'ord check'!$A:$A,'check dali wipday'!A137,'ord check'!J:J,"<0")=0,"",_xlfn.MINIFS('ord check'!C:C,'ord check'!A:A,'check dali wipday'!A137,'ord check'!J:J,"<0"))
A138: 11320-85L00 | B138: F-EM | C138: 11320-85L00;A | D138: =SUMIF(fo!C:C,A138,fo!U:U) -> 0 | E138: =SUMIF(fo!C:C,A138,fo!T:T) -> 0 | F138: =SUMIF(fo!C:C,A138,fo!Z:Z) -> 0 | G138: =SUM(E138:F138) -> 0 | H138: =G138/$L$3 -> 0 | I138: =SUMIF('dali wip-fg'!A:A,A138,'dali wip-fg'!F:F) -> 0 | J138: =SUMIF('dali wip-fg'!A:A,C138,'dali wip-fg'!F:F) -> 0 | K138: =+I138+J138 -> 0 | L138: =+K138/H138 -> #DIV/0! | N138: =IF(L138<6,"แดง",IF(AND(L138>=7,L138<=10),"เหลือง","อื่นๆ")) -> #DIV/0! | O138: =SUMIFS(ord!$F:$F, ord!$C:$C,'check dali wipday'!A138, ord!$G:$G, ">="&DATE(2025,1,1), ord!$G:$G, "<="&$P$2) -> 0 | P138: =+K138-O138 -> 0 | Q138: =IF(_xlfn.MINIFS('ord check'!C:C,'ord check'!$A:$A,'check dali wipday'!A138,'ord check'!J:J,"<0")=0,"",_xlfn.MINIFS('ord check'!C:C,'ord check'!A:A,'check dali wipday'!A138,'ord check'!J:J,"<0"))
A139: 11320-B5000 | B139: F-EM | C139: 11320-B5000;A | D139: =SUMIF(fo!C:C,A139,fo!U:U) -> 0 | E139: =SUMIF(fo!C:C,A139,fo!T:T) -> 0 | F139: =SUMIF(fo!C:C,A139,fo!Z:Z) -> 0 | G139: =SUM(E139:F139) -> 0 | H139: =G139/$L$3 -> 0 | I139: =SUMIF('dali wip-fg'!A:A,A139,'dali wip-fg'!F:F) -> 0 | J139: =SUMIF('dali wip-fg'!A:A,C139,'dali wip-fg'!F:F) -> 0 | K139: =+I139+J139 -> 0 | L139: =+K139/H139 -> #DIV/0! | N139: =IF(L139<6,"แดง",IF(AND(L139>=7,L139<=10),"เหลือง","อื่นๆ")) -> #DIV/0! | O139: =SUMIFS(ord!$F:$F, ord!$C:$C,'check dali wipday'!A139, ord!$G:$G, ">="&DATE(2025,1,1), ord!$G:$G, "<="&$P$2) -> 0 | P139: =+K139-O139 -> 0 | Q139: =IF(_xlfn.MINIFS('ord check'!C:C,'ord check'!$A:$A,'check dali wipday'!A139,'ord check'!J:J,"<0")=0,"",_xlfn.MINIFS('ord check'!C:C,'ord check'!A:A,'check dali wipday'!A139,'ord check'!J:J,"<0"))
A140: 11363-K0R-V000 | B140: F-RP | C140: 11363-K0R-V000;A | D140: =SUMIF(fo!C:C,A140,fo!U:U) -> 0 | E140: =SUMIF(fo!C:C,A140,fo!T:T) -> 0 | F140: =SUMIF(fo!C:C,A140,fo!Z:Z) -> 0 | G140: =SUM(E140:F140) -> 0 | H140: =G140/$L$3 -> 0 | I140: =SUMIF('dali wip-fg'!A:A,A140,'dali wip-fg'!F:F) -> 0 | J140: =SUMIF('dali wip-fg'!A:A,C140,'dali wip-fg'!F:F) -> 0 | K140: =+I140+J140 -> 0 | L140: =+K140/H140 -> #DIV/0! | N140: =IF(L140<6,"แดง",IF(AND(L140>=7,L140<=10),"เหลือง","อื่นๆ")) -> #DIV/0! | O140: =SUMIFS(ord!$F:$F, ord!$C:$C,'check dali wipday'!A140, ord!$G:$G, ">="&DATE(2025,1,1), ord!$G:$G, "<="&$P$2) -> 0 | P140: =+K140-O140 -> 0 | Q140: =IF(_xlfn.MINIFS('ord check'!C:C,'ord check'!$A:$A,'check dali wipday'!A140,'ord check'!J:J,"<0")=0,"",_xlfn.MINIFS('ord check'!C:C,'ord check'!A:A,'check dali wipday'!A140,'ord check'!J:J,"<0"))
A141: 11456-17068 | B141: F-VAC | C141: 11456-17068;A | D141: =SUMIF(fo!C:C,A141,fo!U:U) -> 0 | E141: =SUMIF(fo!C:C,A141,fo!T:T) -> 100 | F141: =SUMIF(fo!C:C,A141,fo!Z:Z) -> 0 | G141: =SUM(E141:F141) -> 100 | H141: =G141/$L$3 -> 5 | I141: =SUMIF('dali wip-fg'!A:A,A141,'dali wip-fg'!F:F) -> 0 | J141: =SUMIF('dali wip-fg'!A:A,C141,'dali wip-fg'!F:F) -> 0 | K141: =+I141+J141 -> 0 | L141: =+K141/H141 -> 0 | N141: =IF(L141<6,"แดง",IF(AND(L141>=7,L141<=10),"เหลือง","อื่นๆ")) -> แดง | O141: =SUMIFS(ord!$F:$F, ord!$C:$C,'check dali wipday'!A141, ord!$G:$G, ">="&DATE(2025,1,1), ord!$G:$G, "<="&$P$2) -> 0 | P141: =+K141-O141 -> 0 | Q141: =IF(_xlfn.MINIFS('ord check'!C:C,'ord check'!$A:$A,'check dali wipday'!A141,'ord check'!J:J,"<0")=0,"",_xlfn.MINIFS('ord check'!C:C,'ord check'!A:A,'check dali wipday'!A141,'ord check'!J:J,"<0"))
A142: 11610-58B01 | B142: F-EM | C142: 11610-58B01;A | D142: =SUMIF(fo!C:C,A142,fo!U:U) -> 0 | E142: =SUMIF(fo!C:C,A142,fo!T:T) -> 0 | F142: =SUMIF(fo!C:C,A142,fo!Z:Z) -> 0 | G142: =SUM(E142:F142) -> 0 | H142: =G142/$L$3 -> 0 | I142: =SUMIF('dali wip-fg'!A:A,A142,'dali wip-fg'!F:F) -> 0 | J142: =SUMIF('dali wip-fg'!A:A,C142,'dali wip-fg'!F:F) -> 0 | K142: =+I142+J142 -> 0 | L142: =+K142/H142 -> #DIV/0! | N142: =IF(L142<6,"แดง",IF(AND(L142>=7,L142<=10),"เหลือง","อื่นๆ")) -> #DIV/0! | O142: =SUMIFS(ord!$F:$F, ord!$C:$C,'check dali wipday'!A142, ord!$G:$G, ">="&DATE(2025,1,1), ord!$G:$G, "<="&$P$2) -> 0 | P142: =+K142-O142 -> 0 | Q142: =IF(_xlfn.MINIFS('ord check'!C:C,'ord check'!$A:$A,'check dali wipday'!A142,'ord check'!J:J,"<0")=0,"",_xlfn.MINIFS('ord check'!C:C,'ord check'!A:A,'check dali wipday'!A142,'ord check'!J:J,"<0"))
A143: 11610-80010 | B143: F-EM | C143: 11610-80010;A | D143: =SUMIF(fo!C:C,A143,fo!U:U) -> 0 | E143: =SUMIF(fo!C:C,A143,fo!T:T) -> 0 | F143: =SUMIF(fo!C:C,A143,fo!Z:Z) -> 0 | G143: =SUM(E143:F143) -> 0 | H143: =G143/$L$3 -> 0 | I143: =SUMIF('dali wip-fg'!A:A,A143,'dali wip-fg'!F:F) -> 0 | J143: =SUMIF('dali wip-fg'!A:A,C143,'dali wip-fg'!F:F) -> 0 | K143: =+I143+J143 -> 0 | L143: =+K143/H143 -> #DIV/0! | N143: =IF(L143<6,"แดง",IF(AND(L143>=7,L143<=10),"เหลือง","อื่นๆ")) -> #DIV/0! | O143: =SUMIFS(ord!$F:$F, ord!$C:$C,'check dali wipday'!A143, ord!$G:$G, ">="&DATE(2025,1,1), ord!$G:$G, "<="&$P$2) -> 0 | P143: =+K143-O143 -> 0 | Q143: =IF(_xlfn.MINIFS('ord check'!C:C,'ord check'!$A:$A,'check dali wipday'!A143,'ord check'!J:J,"<0")=0,"",_xlfn.MINIFS('ord check'!C:C,'ord check'!A:A,'check dali wipday'!A143,'ord check'!J:J,"<0"))
A144: 11710-60A01 | B144: F-EM | C144: 11710-60A01;A | D144: =SUMIF(fo!C:C,A144,fo!U:U) -> 0 | E144: =SUMIF(fo!C:C,A144,fo!T:T) -> 0 | F144: =SUMIF(fo!C:C,A144,fo!Z:Z) -> 0 | G144: =SUM(E144:F144) -> 0 | H144: =G144/$L$3 -> 0 | I144: =SUMIF('dali wip-fg'!A:A,A144,'dali wip-fg'!F:F) -> 0 | J144: =SUMIF('dali wip-fg'!A:A,C144,'dali wip-fg'!F:F) -> 0 | K144: =+I144+J144 -> 0 | L144: =+K144/H144 -> #DIV/0! | N144: =IF(L144<6,"แดง",IF(AND(L144>=7,L144<=10),"เหลือง","อื่นๆ")) -> #DIV/0! | O144: =SUMIFS(ord!$F:$F, ord!$C:$C,'check dali wipday'!A144, ord!$G:$G, ">="&DATE(2025,1,1), ord!$G:$G, "<="&$P$2) -> 0 | P144: =+K144-O144 -> 0 | Q144: =IF(_xlfn.MINIFS('ord check'!C:C,'ord check'!$A:$A,'check dali wipday'!A144,'ord check'!J:J,"<0")=0,"",_xlfn.MINIFS('ord check'!C:C,'ord check'!A:A,'check dali wipday'!A144,'ord check'!J:J,"<0"))
A145: 11828-W0400 | B145: F-RP | C145: 11828-W0400;A | D145: =SUMIF(fo!C:C,A145,fo!U:U) -> 0 | E145: =SUMIF(fo!C:C,A145,fo!T:T) -> 0 | F145: =SUMIF(fo!C:C,A145,fo!Z:Z) -> 0 | G145: =SUM(E145:F145) -> 0 | H145: =G145/$L$3 -> 0 | I145: =SUMIF('dali wip-fg'!A:A,A145,'dali wip-fg'!F:F) -> 0 | J145: =SUMIF('dali wip-fg'!A:A,C145,'dali wip-fg'!F:F) -> 0 | K145: =+I145+J145 -> 0 | L145: =+K145/H145 -> #DIV/0! | N145: =IF(L145<6,"แดง",IF(AND(L145>=7,L145<=10),"เหลือง","อื่นๆ")) -> #DIV/0! | O145: =SUMIFS(ord!$F:$F, ord!$C:$C,'check dali wipday'!A145, ord!$G:$G, ">="&DATE(2025,1,1), ord!$G:$G, "<="&$P$2) -> 0 | P145: =+K145-O145 -> 0 | Q145: =IF(_xlfn.MINIFS('ord check'!C:C,'ord check'!$A:$A,'check dali wipday'!A145,'ord check'!J:J,"<0")=0,"",_xlfn.MINIFS('ord check'!C:C,'ord check'!A:A,'check dali wipday'!A145,'ord check'!J:J,"<0"))
A146: 11831-PM3-0000 | B146: F-RP | C146: 11831-PM3-0000;A | D146: =SUMIF(fo!C:C,A146,fo!U:U) -> 0 | E146: =SUMIF(fo!C:C,A146,fo!T:T) -> 0 | F146: =SUMIF(fo!C:C,A146,fo!Z:Z) -> 0 | G146: =SUM(E146:F146) -> 0 | H146: =G146/$L$3 -> 0 | I146: =SUMIF('dali wip-fg'!A:A,A146,'dali wip-fg'!F:F) -> 0 | J146: =SUMIF('dali wip-fg'!A:A,C146,'dali wip-fg'!F:F) -> 0 | K146: =+I146+J146 -> 0 | L146: =+K146/H146 -> #DIV/0! | N146: =IF(L146<6,"แดง",IF(AND(L146>=7,L146<=10),"เหลือง","อื่นๆ")) -> #DIV/0! | O146: =SUMIFS(ord!$F:$F, ord!$C:$C,'check dali wipday'!A146, ord!$G:$G, ">="&DATE(2025,1,1), ord!$G:$G, "<="&$P$2) -> 0 | P146: =+K146-O146 -> 0 | Q146: =IF(_xlfn.MINIFS('ord check'!C:C,'ord check'!$A:$A,'check dali wipday'!A146,'ord check'!J:J,"<0")=0,"",_xlfn.MINIFS('ord check'!C:C,'ord check'!A:A,'check dali wipday'!A146,'ord check'!J:J,"<0"))
A147: 12001-32988-L | B147: F-RPM | C147: 12001-32988-L;A | D147: =SUMIF(fo!C:C,A147,fo!U:U) -> 0 | E147: =SUMIF(fo!C:C,A147,fo!T:T) -> 0 | F147: =SUMIF(fo!C:C,A147,fo!Z:Z) -> 0 | G147: =SUM(E147:F147) -> 0 | H147: =G147/$L$3 -> 0 | I147: =SUMIF('dali wip-fg'!A:A,A147,'dali wip-fg'!F:F) -> 0 | J147: =SUMIF('dali wip-fg'!A:A,C147,'dali wip-fg'!F:F) -> 0 | K147: =+I147+J147 -> 0 | L147: =+K147/H147 -> #DIV/0! | N147: =IF(L147<6,"แดง",IF(AND(L147>=7,L147<=10),"เหลือง","อื่นๆ")) -> #DIV/0! | O147: =SUMIFS(ord!$F:$F, ord!$C:$C,'check dali wipday'!A147, ord!$G:$G, ">="&DATE(2025,1,1), ord!$G:$G, "<="&$P$2) -> 0 | P147: =+K147-O147 -> 0 | Q147: =IF(_xlfn.MINIFS('ord check'!C:C,'ord check'!$A:$A,'check dali wipday'!A147,'ord check'!J:J,"<0")=0,"",_xlfn.MINIFS('ord check'!C:C,'ord check'!A:A,'check dali wipday'!A147,'ord check'!J:J,"<0"))
... A189: 13022-13779 | B189: F-RP | C189: 13022-13779;A | D189: =SUMIF(fo!C:C,A189,fo!U:U) -> 0 | E189: =SUMIF(fo!C:C,A189,fo!T:T) -> 0 | F189: =SUMIF(fo!C:C,A189,fo!Z:Z) -> 0 | G189: =SUM(E189:F189) -> 0 | H189: =G189/$L$3 -> 0 | I189: =SUMIF('dali wip-fg'!A:A,A189,'dali wip-fg'!F:F) -> 0 | J189: =SUMIF('dali wip-fg'!A:A,C189,'dali wip-fg'!F:F) -> 0 | K189: =+I189+J189 -> 0 | L189: =+K189/H189 -> #DIV/0! | N189: =IF(L189<6,"แดง",IF(AND(L189>=7,L189<=10),"เหลือง","อื่นๆ")) -> #DIV/0! | O189: =SUMIFS(ord!$F:$F, ord!$C:$C,'check dali wipday'!A189, ord!$G:$G, ">="&DATE(2025,1,1), ord!$G:$G, "<="&$P$2) -> 0 | P189: =+K189-O189 -> 0 | Q189: =IF(_xlfn.MINIFS('ord check'!C:C,'ord check'!$A:$A,'check dali wipday'!A189,'ord check'!J:J,"<0")=0,"",_xlfn.MINIFS('ord check'!C:C,'ord check'!A:A,'check dali wipday'!A189,'ord check'!J:J,"<0"))
A190: 13144-0597A | B190: F-RPM | C190: 13144-0597A;A | D190: =SUMIF(fo!C:C,A190,fo!U:U) -> 0 | E190: =SUMIF(fo!C:C,A190,fo!T:T) -> 0 | F190: =SUMIF(fo!C:C,A190,fo!Z:Z) -> 0 | G190: =SUM(E190:F190) -> 0 | H190: =G190/$L$3 -> 0 | I190: =SUMIF('dali wip-fg'!A:A,A190,'dali wip-fg'!F:F) -> 2 | J190: =SUMIF('dali wip-fg'!A:A,C190,'dali wip-fg'!F:F) -> 180 | K190: =+I190+J190 -> 182 | L190: =+K190/H190 -> #DIV/0! | M190: เหล็กลูกค้า | N190: =IF(L190<6,"แดง",IF(AND(L190>=7,L190<=10),"เหลือง","อื่นๆ")) -> #DIV/0! | O190: =SUMIFS(ord!$F:$F, ord!$C:$C,'check dali wipday'!A190, ord!$G:$G, ">="&DATE(2025,1,1), ord!$G:$G, "<="&$P$2) -> 0 | P190: =+K190-O190 -> 182 | Q190: =IF(_xlfn.MINIFS('ord check'!C:C,'ord check'!$A:$A,'check dali wipday'!A190,'ord check'!J:J,"<0")=0,"",_xlfn.MINIFS('ord check'!C:C,'ord check'!A:A,'check dali wipday'!A190,'ord check'!J:J,"<0"))
A191: 13144-1253 | B191: F-RPM | C191: 13144-1253;A | D191: =SUMIF(fo!C:C,A191,fo!U:U) -> 0 | E191: =SUMIF(fo!C:C,A191,fo!T:T) -> 0 | F191: =SUMIF(fo!C:C,A191,fo!Z:Z) -> 0 | G191: =SUM(E191:F191) -> 0 | H191: =G191/$L$3 -> 0 | I191: =SUMIF('dali wip-fg'!A:A,A191,'dali wip-fg'!F:F) -> 0 | J191: =SUMIF('dali wip-fg'!A:A,C191,'dali wip-fg'!F:F) -> 0 | K191: =+I191+J191 -> 0 | L191: =+K191/H191 -> #DIV/0! | N191: =IF(L191<6,"แดง",IF(AND(L191>=7,L191<=10),"เหลือง","อื่นๆ")) -> #DIV/0! | O191: =SUMIFS(ord!$F:$F, ord!$C:$C,'check dali wipday'!A191, ord!$G:$G, ">="&DATE(2025,1,1), ord!$G:$G, "<="&$P$2) -> 0 | P191: =+K191-O191 -> 0 | Q191: =IF(_xlfn.MINIFS('ord check'!C:C,'ord check'!$A:$A,'check dali wipday'!A191,'ord check'!J:J,"<0")=0,"",_xlfn.MINIFS('ord check'!C:C,'ord check'!A:A,'check dali wipday'!A191,'ord check'!J:J,"<0"))
A192: 13144-1314 | B192: F-RPM | C192: 13144-1314;A | D192: =SUMIF(fo!C:C,A192,fo!U:U) -> 0 | E192: =SUMIF(fo!C:C,A192,fo!T:T) -> 0 | F192: =SUMIF(fo!C:C,A192,fo!Z:Z) -> 0 | G192: =SUM(E192:F192) -> 0 | H192: =G192/$L$3 -> 0 | I192: =SUMIF('dali wip-fg'!A:A,A192,'dali wip-fg'!F:F) -> 0 | J192: =SUMIF('dali wip-fg'!A:A,C192,'dali wip-fg'!F:F) -> 0 | K192: =+I192+J192 -> 0 | L192: =+K192/H192 -> #DIV/0! | N192: =IF(L192<6,"แดง",IF(AND(L192>=7,L192<=10),"เหลือง","อื่นๆ")) -> #DIV/0! | O192: =SUMIFS(ord!$F:$F, ord!$C:$C,'check dali wipday'!A192, ord!$G:$G, ">="&DATE(2025,1,1), ord!$G:$G, "<="&$P$2) -> 0 | P192: =+K192-O192 -> 0 | Q192: =IF(_xlfn.MINIFS('ord check'!C:C,'ord check'!$A:$A,'check dali wipday'!A192,'ord check'!J:J,"<0")=0,"",_xlfn.MINIFS('ord check'!C:C,'ord check'!A:A,'check dali wipday'!A192,'ord check'!J:J,"<0"))
A193: 13144-1314C | B193: F-RPM | C193: 13144-1314C;A | D193: =SUMIF(fo!C:C,A193,fo!U:U) -> 1905 | E193: =SUMIF(fo!C:C,A193,fo!T:T) -> 2140 | F193: =SUMIF(fo!C:C,A193,fo!Z:Z) -> 684 | G193: =SUM(E193:F193) -> 2824 | H193: =G193/$L$3 -> 141.2 | I193: =SUMIF('dali wip-fg'!A:A,A193,'dali wip-fg'!F:F) -> 198 | J193: =SUMIF('dali wip-fg'!A:A,C193,'dali wip-fg'!F:F) -> 598 | K193: =+I193+J193 -> 796 | L193: =+K193/H193 -> 5.6373938 | M193: เหล็กลูกค้า | N193: =IF(L193<6,"แดง",IF(AND(L193>=7,L193<=10),"เหลือง","อื่นๆ")) -> แดง | O193: =SUMIFS(ord!$F:$F, ord!$C:$C,'check dali wipday'!A193, ord!$G:$G, ">="&DATE(2025,1,1), ord!$G:$G, "<="&$P$2) -> 400 | P193: =+K193-O193 -> 396 | Q193: =IF(_xlfn.MINIFS('ord check'!C:C,'ord check'!$A:$A,'check dali wipday'!A193,'ord check'!J:J,"<0")=0,"",_xlfn.MINIFS('ord check'!C:C,'ord check'!A:A,'check dali wipday'!A193,'ord check'!J:J,"<0"))
A194: 1343170P01 | B194: F-RP | C194: 1343170P01;A | D194: =SUMIF(fo!C:C,A194,fo!U:U) -> 0 | E194: =SUMIF(fo!C:C,A194,fo!T:T) -> 0 | F194: =SUMIF(fo!C:C,A194,fo!Z:Z) -> 0 | G194: =SUM(E194:F194) -> 0 | H194: =G194/$L$3 -> 0 | I194: =SUMIF('dali wip-fg'!A:A,A194,'dali wip-fg'!F:F) -> 0 | J194: =SUMIF('dali wip-fg'!A:A,C194,'dali wip-fg'!F:F) -> 0 | K194: =+I194+J194 -> 0 | L194: =+K194/H194 -> #DIV/0! | N194: =IF(L194<6,"แดง",IF(AND(L194>=7,L194<=10),"เหลือง","อื่นๆ")) -> #DIV/0! | O194: =SUMIFS(ord!$F:$F, ord!$C:$C,'check dali wipday'!A194, ord!$G:$G, ">="&DATE(2025,1,1), ord!$G:$G, "<="&$P$2) -> 0 | P194: =+K194-O194 -> 0 | Q194: =IF(_xlfn.MINIFS('ord check'!C:C,'ord check'!$A:$A,'check dali wipday'!A194,'ord check'!J:J,"<0")=0,"",_xlfn.MINIFS('ord check'!C:C,'ord check'!A:A,'check dali wipday'!A194,'ord check'!J:J,"<0"))
A195: 1356296P01 | B195: F-RP | C195: 1356296P01;A | D195: =SUMIF(fo!C:C,A195,fo!U:U) -> 0 | E195: =SUMIF(fo!C:C,A195,fo!T:T) -> 0 | F195: =SUMIF(fo!C:C,A195,fo!Z:Z) -> 0 | G195: =SUM(E195:F195) -> 0 | H195: =G195/$L$3 -> 0 | I195: =SUMIF('dali wip-fg'!A:A,A195,'dali wip-fg'!F:F) -> 0 | J195: =SUMIF('dali wip-fg'!A:A,C195,'dali wip-fg'!F:F) -> 0 | K195: =+I195+J195 -> 0 | L195: =+K195/H195 -> #DIV/0! | N195: =IF(L195<6,"แดง",IF(AND(L195>=7,L195<=10),"เหลือง","อื่นๆ")) -> #DIV/0! | O195: =SUMIFS(ord!$F:$F, ord!$C:$C,'check dali wipday'!A195, ord!$G:$G, ">="&DATE(2025,1,1), ord!$G:$G, "<="&$P$2) -> 0 | P195: =+K195-O195 -> 0 | Q195: =IF(_xlfn.MINIFS('ord check'!C:C,'ord check'!$A:$A,'check dali wipday'!A195,'ord check'!J:J,"<0")=0,"",_xlfn.MINIFS('ord check'!C:C,'ord check'!A:A,'check dali wipday'!A195,'ord check'!J:J,"<0"))
A196: 13766-76M00 | B196: F-RP | C196: 13766-76M00;A | D196: =SUMIF(fo!C:C,A196,fo!U:U) -> 0 | E196: =SUMIF(fo!C:C,A196,fo!T:T) -> 0 | F196: =SUMIF(fo!C:C,A196,fo!Z:Z) -> 0 | G196: =SUM(E196:F196) -> 0 | H196: =G196/$L$3 -> 0 | I196: =SUMIF('dali wip-fg'!A:A,A196,'dali wip-fg'!F:F) -> 73 | J196: =SUMIF('dali wip-fg'!A:A,C196,'dali wip-fg'!F:F) -> 137 | K196: =+I196+J196 -> 210 | L196: =+K196/H196 -> #DIV/0! | N196: =IF(L196<6,"แดง",IF(AND(L196>=7,L196<=10),"เหลือง","อื่นๆ")) -> #DIV/0! | O196: =SUMIFS(ord!$F:$F, ord!$C:$C,'check dali wipday'!A196, ord!$G:$G, ">="&DATE(2025,1,1), ord!$G:$G, "<="&$P$2) -> 0 | P196: =+K196-O196 -> 210 | Q196: =IF(_xlfn.MINIFS('ord check'!C:C,'ord check'!$A:$A,'check dali wipday'!A196,'ord check'!J:J,"<0")=0,"",_xlfn.MINIFS('ord check'!C:C,'ord check'!A:A,'check dali wipday'!A196,'ord check'!J:J,"<0"))
A197: 13766-79M00 | B197: F-RP | C197: 13766-79M00;A | D197: =SUMIF(fo!C:C,A197,fo!U:U) -> 0 | E197: =SUMIF(fo!C:C,A197,fo!T:T) -> 0 | F197: =SUMIF(fo!C:C,A197,fo!Z:Z) -> 0 | G197: =SUM(E197:F197) -> 0 | H197: =G197/$L$3 -> 0 | I197: =SUMIF('dali wip-fg'!A:A,A197,'dali wip-fg'!F:F) -> 207 | J197: =SUMIF('dali wip-fg'!A:A,C197,'dali wip-fg'!F:F) -> 0 | K197: =+I197+J197 -> 207 | L197: =+K197/H197 -> #DIV/0! | N197: =IF(L197<6,"แดง",IF(AND(L197>=7,L197<=10),"เหลือง","อื่นๆ")) -> #DIV/0! | O197: =SUMIFS(ord!$F:$F, ord!$C:$C,'check dali wipday'!A197, ord!$G:$G, ">="&DATE(2025,1,1), ord!$G:$G, "<="&$P$2) -> 0 | P197: =+K197-O197 -> 207 | Q197: =IF(_xlfn.MINIFS('ord check'!C:C,'ord check'!$A:$A,'check dali wipday'!A197,'ord check'!J:J,"<0")=0,"",_xlfn.MINIFS('ord check'!C:C,'ord check'!A:A,'check dali wipday'!A197,'ord check'!J:J,"<0"))
A198: 13766-79M00-EXP | B198: F-RP | C198: 13766-79M00;A | D198: =SUMIF(fo!C:C,A198,fo!U:U) -> 0 | E198: =SUMIF(fo!C:C,A198,fo!T:T) -> 0 | F198: =SUMIF(fo!C:C,A198,fo!Z:Z) -> 0 | G198: =SUM(E198:F198) -> 0 | H198: =G198/$L$3 -> 0 | I198: =SUMIF('dali wip-fg'!A:A,A198,'dali wip-fg'!F:F) -> 0 | J198: =SUMIF('dali wip-fg'!A:A,C198,'dali wip-fg'!F:F) -> 0 | K198: =+I198+J198 -> 0 | L198: =+K198/H198 -> #DIV/0! | N198: =IF(L198<6,"แดง",IF(AND(L198>=7,L198<=10),"เหลือง","อื่นๆ")) -> #DIV/0! | O198: =SUMIFS(ord!$F:$F, ord!$C:$C,'check dali wipday'!A198, ord!$G:$G, ">="&DATE(2025,1,1), ord!$G:$G, "<="&$P$2) -> 0 | P198: =+K198-O198 -> 0 | Q198: =IF(_xlfn.MINIFS('ord check'!C:C,'ord check'!$A:$A,'check dali wipday'!A198,'ord check'!J:J,"<0")=0,"",_xlfn.MINIFS('ord check'!C:C,'ord check'!A:A,'check dali wipday'!A198,'ord check'!J:J,"<0"))
A199: 13766-84MA0 | B199: F-RP | C199: 13766-84MA0;A | D199: =SUMIF(fo!C:C,A199,fo!U:U) -> 0 | E199: =SUMIF(fo!C:C,A199,fo!T:T) -> 0 | F199: =SUMIF(fo!C:C,A199,fo!Z:Z) -> 0 | G199: =SUM(E199:F199) -> 0 | H199: =G199/$L$3 -> 0 | I199: =SUMIF('dali wip-fg'!A:A,A199,'dali wip-fg'!F:F) -> 0 | J199: =SUMIF('dali wip-fg'!A:A,C199,'dali wip-fg'!F:F) -> 0 | K199: =+I199+J199 -> 0 | L199: =+K199/H199 -> #DIV/0! | N199: =IF(L199<6,"แดง",IF(AND(L199>=7,L199<=10),"เหลือง","อื่นๆ")) -> #DIV/0! | O199: =SUMIFS(ord!$F:$F, ord!$C:$C,'check dali wipday'!A199, ord!$G:$G, ">="&DATE(2025,1,1), ord!$G:$G, "<="&$P$2) -> 0 | P199: =+K199-O199 -> 0 | Q199: =IF(_xlfn.MINIFS('ord check'!C:C,'ord check'!$A:$A,'check dali wipday'!A199,'ord check'!J:J,"<0")=0,"",_xlfn.MINIFS('ord check'!C:C,'ord check'!A:A,'check dali wipday'!A199,'ord check'!J:J,"<0"))
A200: 13820-94L00 | B200: F-RPM | C200: 13820-94L00;A | D200: =SUMIF(fo!C:C,A200,fo!U:U) -> 0 | E200: =SUMIF(fo!C:C,A200,fo!T:T) -> 0 | F200: =SUMIF(fo!C:C,A200,fo!Z:Z) -> 0 | G200: =SUM(E200:F200) -> 0 | H200: =G200/$L$3 -> 0 | I200: =SUMIF('dali wip-fg'!A:A,A200,'dali wip-fg'!F:F) -> 500 | J200: =SUMIF('dali wip-fg'!A:A,C200,'dali wip-fg'!F:F) -> 319 | K200: =+I200+J200 -> 819 | L200: =+K200/H200 -> #DIV/0! | N200: =IF(L200<6,"แดง",IF(AND(L200>=7,L200<=10),"เหลือง","อื่นๆ")) -> #DIV/0! | O200: =SUMIFS(ord!$F:$F, ord!$C:$C,'check dali wipday'!A200, ord!$G:$G, ">="&DATE(2025,1,1), ord!$G:$G, "<="&$P$2) -> 0 | P200: =+K200-O200 -> 819 | Q200: =IF(_xlfn.MINIFS('ord check'!C:C,'ord check'!$A:$A,'check dali wipday'!A200,'ord check'!J:J,"<0")=0,"",_xlfn.MINIFS('ord check'!C:C,'ord check'!A:A,'check dali wipday'!A200,'ord check'!J:J,"<0"))
A201: 13881-84MA0 | B201: F-RP | C201: 13881-84MA0;A | D201: =SUMIF(fo!C:C,A201,fo!U:U) -> 0 | E201: =SUMIF(fo!C:C,A201,fo!T:T) -> 0 | F201: =SUMIF(fo!C:C,A201,fo!Z:Z) -> 0 | G201: =SUM(E201:F201) -> 0 | H201: =G201/$L$3 -> 0 | I201: =SUMIF('dali wip-fg'!A:A,A201,'dali wip-fg'!F:F) -> 25 | J201: =SUMIF('dali wip-fg'!A:A,C201,'dali wip-fg'!F:F) -> 0 | K201: =+I201+J201 -> 25 | L201: =+K201/H201 -> #DIV/0! | N201: =IF(L201<6,"แดง",IF(AND(L201>=7,L201<=10),"เหลือง","อื่นๆ")) -> #DIV/0! | O201: =SUMIFS(ord!$F:$F, ord!$C:$C,'check dali wipday'!A201, ord!$G:$G, ">="&DATE(2025,1,1), ord!$G:$G, "<="&$P$2) -> 0 | P201: =+K201-O201 -> 25 | Q201: =IF(_xlfn.MINIFS('ord check'!C:C,'ord check'!$A:$A,'check dali wipday'!A201,'ord check'!J:J,"<0")=0,"",_xlfn.MINIFS('ord check'!C:C,'ord check'!A:A,'check dali wipday'!A201,'ord check'!J:J,"<0"))
A202: 14093-1525 | B202: F-RP | C202: 14093-1525;A | D202: =SUMIF(fo!C:C,A202,fo!U:U) -> 0 | E202: =SUMIF(fo!C:C,A202,fo!T:T) -> 0 | F202: =SUMIF(fo!C:C,A202,fo!Z:Z) -> 0 | G202: =SUM(E202:F202) -> 0 | H202: =G202/$L$3 -> 0 | I202: =SUMIF('dali wip-fg'!A:A,A202,'dali wip-fg'!F:F) -> 0 | J202: =SUMIF('dali wip-fg'!A:A,C202,'dali wip-fg'!F:F) -> 0 | K202: =+I202+J202 -> 0 | L202: =+K202/H202 -> #DIV/0! | N202: =IF(L202<6,"แดง",IF(AND(L202>=7,L202<=10),"เหลือง","อื่นๆ")) -> #DIV/0! | O202: =SUMIFS(ord!$F:$F, ord!$C:$C,'check dali wipday'!A202, ord!$G:$G, ">="&DATE(2025,1,1), ord!$G:$G, "<="&$P$2) -> 0 | P202: =+K202-O202 -> 0 | Q202: =IF(_xlfn.MINIFS('ord check'!C:C,'ord check'!$A:$A,'check dali wipday'!A202,'ord check'!J:J,"<0")=0,"",_xlfn.MINIFS('ord check'!C:C,'ord check'!A:A,'check dali wipday'!A202,'ord check'!J:J,"<0"))
A203: 14093-1543 | B203: F-RP | C203: 14093-1543;A | D203: =SUMIF(fo!C:C,A203,fo!U:U) -> 0 | E203: =SUMIF(fo!C:C,A203,fo!T:T) -> 0 | F203: =SUMIF(fo!C:C,A203,fo!Z:Z) -> 0 | G203: =SUM(E203:F203) -> 0 | H203: =G203/$L$3 -> 0 | I203: =SUMIF('dali wip-fg'!A:A,A203,'dali wip-fg'!F:F) -> 0 | J203: =SUMIF('dali wip-fg'!A:A,C203,'dali wip-fg'!F:F) -> 0 | K203: =+I203+J203 -> 0 | L203: =+K203/H203 -> #DIV/0! | N203: =IF(L203<6,"แดง",IF(AND(L203>=7,L203<=10),"เหลือง","อื่นๆ")) -> #DIV/0! | O203: =SUMIFS(ord!$F:$F, ord!$C:$C,'check dali wipday'!A203, ord!$G:$G, ">="&DATE(2025,1,1), ord!$G:$G, "<="&$P$2) -> 0 | P203: =+K203-O203 -> 0 | Q203: =IF(_xlfn.MINIFS('ord check'!C:C,'ord check'!$A:$A,'check dali wipday'!A203,'ord check'!J:J,"<0")=0,"",_xlfn.MINIFS('ord check'!C:C,'ord check'!A:A,'check dali wipday'!A203,'ord check'!J:J,"<0"))
A204: 14281-58M00 | B204: F-RP | C204: 14281-58M00;A | D204: =SUMIF(fo!C:C,A204,fo!U:U) -> 0 | E204: =SUMIF(fo!C:C,A204,fo!T:T) -> 0 | F204: =SUMIF(fo!C:C,A204,fo!Z:Z) -> 0 | G204: =SUM(E204:F204) -> 0 | H204: =G204/$L$3 -> 0 | I204: =SUMIF('dali wip-fg'!A:A,A204,'dali wip-fg'!F:F) -> 0 | J204: =SUMIF('dali wip-fg'!A:A,C204,'dali wip-fg'!F:F) -> 0 | K204: =+I204+J204 -> 0 | L204: =+K204/H204 -> #DIV/0! | N204: =IF(L204<6,"แดง",IF(AND(L204>=7,L204<=10),"เหลือง","อื่นๆ")) -> #DIV/0! | O204: =SUMIFS(ord!$F:$F, ord!$C:$C,'check dali wipday'!A204, ord!$G:$G, ">="&DATE(2025,1,1), ord!$G:$G, "<="&$P$2) -> 0 | P204: =+K204-O204 -> 0 | Q204: =IF(_xlfn.MINIFS('ord check'!C:C,'ord check'!$A:$A,'check dali wipday'!A204,'ord check'!J:J,"<0")=0,"",_xlfn.MINIFS('ord check'!C:C,'ord check'!A:A,'check dali wipday'!A204,'ord check'!J:J,"<0"))
A205: 14281-77M00 | B205: F-RP | C205: 14281-77M00;A | D205: =SUMIF(fo!C:C,A205,fo!U:U) -> 0 | E205: =SUMIF(fo!C:C,A205,fo!T:T) -> 0 | F205: =SUMIF(fo!C:C,A205,fo!Z:Z) -> 0 | G205: =SUM(E205:F205) -> 0 | H205: =G205/$L$3 -> 0 | I205: =SUMIF('dali wip-fg'!A:A,A205,'dali wip-fg'!F:F) -> 0 | J205: =SUMIF('dali wip-fg'!A:A,C205,'dali wip-fg'!F:F) -> 0 | K205: =+I205+J205 -> 0 | L205: =+K205/H205 -> #DIV/0! | N205: =IF(L205<6,"แดง",IF(AND(L205>=7,L205<=10),"เหลือง","อื่นๆ")) -> #DIV/0! | O205: =SUMIFS(ord!$F:$F, ord!$C:$C,'check dali wipday'!A205, ord!$G:$G, ">="&DATE(2025,1,1), ord!$G:$G, "<="&$P$2) -> 0 | P205: =+K205-O205 -> 0 | Q205: =IF(_xlfn.MINIFS('ord check'!C:C,'ord check'!$A:$A,'check dali wipday'!A205,'ord check'!J:J,"<0")=0,"",_xlfn.MINIFS('ord check'!C:C,'ord check'!A:A,'check dali wipday'!A205,'ord check'!J:J,"<0"))
... A209: 14510-K1MA-T000-EX | B209: F-RPM | C209: 14510-K1MA-T000;A | D209: =SUMIF(fo!C:C,A209,fo!U:U) -> 0 | E209: =SUMIF(fo!C:C,A209,fo!T:T) -> 0 | F209: =SUMIF(fo!C:C,A209,fo!Z:Z) -> 0 | G209: =SUM(E209:F209) -> 0 | H209: =G209/$L$3 -> 0 | I209: =SUMIF('dali wip-fg'!A:A,A209,'dali wip-fg'!F:F) -> 0 | J209: =SUMIF('dali wip-fg'!A:A,C209,'dali wip-fg'!F:F) -> 0 | K209: =+I209+J209 -> 0 | L209: =+K209/H209 -> #DIV/0! | N209: =IF(L209<6,"แดง",IF(AND(L209>=7,L209<=10),"เหลือง","อื่นๆ")) -> #DIV/0! | O209: =SUMIFS(ord!$F:$F, ord!$C:$C,'check dali wipday'!A209, ord!$G:$G, ">="&DATE(2025,1,1), ord!$G:$G, "<="&$P$2) -> 0 | P209: =+K209-O209 -> 0 | Q209: =IF(_xlfn.MINIFS('ord check'!C:C,'ord check'!$A:$A,'check dali wipday'!A209,'ord check'!J:J,"<0")=0,"",_xlfn.MINIFS('ord check'!C:C,'ord check'!A:A,'check dali wipday'!A209,'ord check'!J:J,"<0"))
A210: 14566A010P | B210: F-RP | C210: 14566A010P;A | D210: =SUMIF(fo!C:C,A210,fo!U:U) -> 0 | E210: =SUMIF(fo!C:C,A210,fo!T:T) -> 0 | F210: =SUMIF(fo!C:C,A210,fo!Z:Z) -> 0 | G210: =SUM(E210:F210) -> 0 | H210: =G210/$L$3 -> 0 | I210: =SUMIF('dali wip-fg'!A:A,A210,'dali wip-fg'!F:F) -> 36 | J210: =SUMIF('dali wip-fg'!A:A,C210,'dali wip-fg'!F:F) -> 154 | K210: =+I210+J210 -> 190 | L210: =+K210/H210 -> #DIV/0! | M210: 350T V5733 | N210: =IF(L210<6,"แดง",IF(AND(L210>=7,L210<=10),"เหลือง","อื่นๆ")) -> #DIV/0! | O210: =SUMIFS(ord!$F:$F, ord!$C:$C,'check dali wipday'!A210, ord!$G:$G, ">="&DATE(2025,1,1), ord!$G:$G, "<="&$P$2) -> 0 | P210: =+K210-O210 -> 190 | Q210: =IF(_xlfn.MINIFS('ord check'!C:C,'ord check'!$A:$A,'check dali wipday'!A210,'ord check'!J:J,"<0")=0,"",_xlfn.MINIFS('ord check'!C:C,'ord check'!A:A,'check dali wipday'!A210,'ord check'!J:J,"<0"))
A211: 14566W000P | B211: F-RP | C211: 14566W000P;A | D211: =SUMIF(fo!C:C,A211,fo!U:U) -> 6 | E211: =SUMIF(fo!C:C,A211,fo!T:T) -> 1770 | F211: =SUMIF(fo!C:C,A211,fo!Z:Z) -> 561 | G211: =SUM(E211:F211) -> 2331 | H211: =G211/$L$3 -> 116.55 | I211: =SUMIF('dali wip-fg'!A:A,A211,'dali wip-fg'!F:F) -> 101 | J211: =SUMIF('dali wip-fg'!A:A,C211,'dali wip-fg'!F:F) -> 587 | K211: =+I211+J211 -> 688 | L211: =+K211/H211 -> 5.9030459 | M211: INJ V5733 | N211: =IF(L211<6,"แดง",IF(AND(L211>=7,L211<=10),"เหลือง","อื่นๆ")) -> แดง | O211: =SUMIFS(ord!$F:$F, ord!$C:$C,'check dali wipday'!A211, ord!$G:$G, ">="&DATE(2025,1,1), ord!$G:$G, "<="&$P$2) -> 446 | P211: =+K211-O211 -> 242 | Q211: =IF(_xlfn.MINIFS('ord check'!C:C,'ord check'!$A:$A,'check dali wipday'!A211,'ord check'!J:J,"<0")=0,"",_xlfn.MINIFS('ord check'!C:C,'ord check'!A:A,'check dali wipday'!A211,'ord check'!J:J,"<0"))
A212: 14620-K1MA-T000-EX | B212: F-RPM | C212: 14620-K1MA-T000;A | D212: =SUMIF(fo!C:C,A212,fo!U:U) -> 0 | E212: =SUMIF(fo!C:C,A212,fo!T:T) -> 0 | F212: =SUMIF(fo!C:C,A212,fo!Z:Z) -> 0 | G212: =SUM(E212:F212) -> 0 | H212: =G212/$L$3 -> 0 | I212: =SUMIF('dali wip-fg'!A:A,A212,'dali wip-fg'!F:F) -> 0 | J212: =SUMIF('dali wip-fg'!A:A,C212,'dali wip-fg'!F:F) -> 0 | K212: =+I212+J212 -> 0 | L212: =+K212/H212 -> #DIV/0! | N212: =IF(L212<6,"แดง",IF(AND(L212>=7,L212<=10),"เหลือง","อื่นๆ")) -> #DIV/0! | O212: =SUMIFS(ord!$F:$F, ord!$C:$C,'check dali wipday'!A212, ord!$G:$G, ">="&DATE(2025,1,1), ord!$G:$G, "<="&$P$2) -> 0 | P212: =+K212-O212 -> 0 | Q212: =IF(_xlfn.MINIFS('ord check'!C:C,'ord check'!$A:$A,'check dali wipday'!A212,'ord check'!J:J,"<0")=0,"",_xlfn.MINIFS('ord check'!C:C,'ord check'!A:A,'check dali wipday'!A212,'ord check'!J:J,"<0"))
A213: 1505A041 | B213: F-RP | C213: 1505A041;A | D213: =SUMIF(fo!C:C,A213,fo!U:U) -> 0 | E213: =SUMIF(fo!C:C,A213,fo!T:T) -> 0 | F213: =SUMIF(fo!C:C,A213,fo!Z:Z) -> 0 | G213: =SUM(E213:F213) -> 0 | H213: =G213/$L$3 -> 0 | I213: =SUMIF('dali wip-fg'!A:A,A213,'dali wip-fg'!F:F) -> 6 | J213: =SUMIF('dali wip-fg'!A:A,C213,'dali wip-fg'!F:F) -> 8 | K213: =+I213+J213 -> 14 | L213: =+K213/H213 -> #DIV/0! | N213: =IF(L213<6,"แดง",IF(AND(L213>=7,L213<=10),"เหลือง","อื่นๆ")) -> #DIV/0! | O213: =SUMIFS(ord!$F:$F, ord!$C:$C,'check dali wipday'!A213, ord!$G:$G, ">="&DATE(2025,1,1), ord!$G:$G, "<="&$P$2) -> 0 | P213: =+K213-O213 -> 14 | Q213: =IF(_xlfn.MINIFS('ord check'!C:C,'ord check'!$A:$A,'check dali wipday'!A213,'ord check'!J:J,"<0")=0,"",_xlfn.MINIFS('ord check'!C:C,'ord check'!A:A,'check dali wipday'!A213,'ord check'!J:J,"<0"))
A214: 1505A237 | B214: F-RP | C214: 1505A237/664;A | D214: =SUMIF(fo!C:C,A214,fo!U:U) -> 0 | E214: =SUMIF(fo!C:C,A214,fo!T:T) -> 0 | F214: =SUMIF(fo!C:C,A214,fo!Z:Z) -> 0 | G214: =SUM(E214:F214) -> 0 | H214: =G214/$L$3 -> 0 | I214: =SUMIF('dali wip-fg'!A:A,A214,'dali wip-fg'!F:F) -> 0 | J214: =SUMIF('dali wip-fg'!A:A,C214,'dali wip-fg'!F:F) -> 126 | K214: =+I214+J214 -> 126 | L214: =+K214/H214 -> #DIV/0! | N214: =IF(L214<6,"แดง",IF(AND(L214>=7,L214<=10),"เหลือง","อื่นๆ")) -> #DIV/0! | O214: =SUMIFS(ord!$F:$F, ord!$C:$C,'check dali wipday'!A214, ord!$G:$G, ">="&DATE(2025,1,1), ord!$G:$G, "<="&$P$2) -> 0 | P214: =+K214-O214 -> 126 | Q214: =IF(_xlfn.MINIFS('ord check'!C:C,'ord check'!$A:$A,'check dali wipday'!A214,'ord check'!J:J,"<0")=0,"",_xlfn.MINIFS('ord check'!C:C,'ord check'!A:A,'check dali wipday'!A214,'ord check'!J:J,"<0"))
A215: 1505A365 | B215: F-RP | C215: MN135030;A | D215: =SUMIF(fo!C:C,A215,fo!U:U) -> 601 | E215: =SUMIF(fo!C:C,A215,fo!T:T) -> 601 | F215: =SUMIF(fo!C:C,A215,fo!Z:Z) -> 0 | G215: =SUM(E215:F215) -> 601 | H215: =G215/$L$3 -> 30.05 | I215: =SUMIF('dali wip-fg'!A:A,A215,'dali wip-fg'!F:F) -> 276 | J215: =SUMIF('dali wip-fg'!A:A,C215,'dali wip-fg'!F:F) -> 92 | K215: =+I215+J215 -> 368 | L215: =+K215/H215 -> 12.246256 | N215: =IF(L215<6,"แดง",IF(AND(L215>=7,L215<=10),"เหลือง","อื่นๆ")) -> อื่นๆ | O215: =SUMIFS(ord!$F:$F, ord!$C:$C,'check dali wipday'!A215, ord!$G:$G, ">="&DATE(2025,1,1), ord!$G:$G, "<="&$P$2) -> 130 | P215: =+K215-O215 -> 238 | Q215: =IF(_xlfn.MINIFS('ord check'!C:C,'ord check'!$A:$A,'check dali wipday'!A215,'ord check'!J:J,"<0")=0,"",_xlfn.MINIFS('ord check'!C:C,'ord check'!A:A,'check dali wipday'!A215,'ord check'!J:J,"<0"))
A216: 1505A366 | B216: F-RP | C216: 1505A366;A | D216: =SUMIF(fo!C:C,A216,fo!U:U) -> 0 | E216: =SUMIF(fo!C:C,A216,fo!T:T) -> 0 | F216: =SUMIF(fo!C:C,A216,fo!Z:Z) -> 0 | G216: =SUM(E216:F216) -> 0 | H216: =G216/$L$3 -> 0 | I216: =SUMIF('dali wip-fg'!A:A,A216,'dali wip-fg'!F:F) -> 0 | J216: =SUMIF('dali wip-fg'!A:A,C216,'dali wip-fg'!F:F) -> 40 | K216: =+I216+J216 -> 40 | L216: =+K216/H216 -> #DIV/0! | N216: =IF(L216<6,"แดง",IF(AND(L216>=7,L216<=10),"เหลือง","อื่นๆ")) -> #DIV/0! | O216: =SUMIFS(ord!$F:$F, ord!$C:$C,'check dali wipday'!A216, ord!$G:$G, ">="&DATE(2025,1,1), ord!$G:$G, "<="&$P$2) -> 0 | P216: =+K216-O216 -> 40 | Q216: =IF(_xlfn.MINIFS('ord check'!C:C,'ord check'!$A:$A,'check dali wipday'!A216,'ord check'!J:J,"<0")=0,"",_xlfn.MINIFS('ord check'!C:C,'ord check'!A:A,'check dali wipday'!A216,'ord check'!J:J,"<0"))
A217: 1505A376 | B217: F-RP | C217: 1505A376/383/665;A | D217: =SUMIF(fo!C:C,A217,fo!U:U) -> 43 | E217: =SUMIF(fo!C:C,A217,fo!T:T) -> 50 | F217: =SUMIF(fo!C:C,A217,fo!Z:Z) -> 9 | G217: =SUM(E217:F217) -> 59 | H217: =G217/$L$3 -> 2.95 | I217: =SUMIF('dali wip-fg'!A:A,A217,'dali wip-fg'!F:F) -> 0 | J217: =SUMIF('dali wip-fg'!A:A,C217,'dali wip-fg'!F:F) -> 50 | K217: =+I217+J217 -> 50 | L217: =+K217/H217 -> 16.949153 | N217: =IF(L217<6,"แดง",IF(AND(L217>=7,L217<=10),"เหลือง","อื่นๆ")) -> อื่นๆ | O217: =SUMIFS(ord!$F:$F, ord!$C:$C,'check dali wipday'!A217, ord!$G:$G, ">="&DATE(2025,1,1), ord!$G:$G, "<="&$P$2) -> 12 | P217: =+K217-O217 -> 38 | Q217: =IF(_xlfn.MINIFS('ord check'!C:C,'ord check'!$A:$A,'check dali wipday'!A217,'ord check'!J:J,"<0")=0,"",_xlfn.MINIFS('ord check'!C:C,'ord check'!A:A,'check dali wipday'!A217,'ord check'!J:J,"<0"))
A218: 1505A383 | B218: F-RP | C218: 1505A376/383/665;A | D218: =SUMIF(fo!C:C,A218,fo!U:U) -> 0 | E218: =SUMIF(fo!C:C,A218,fo!T:T) -> 0 | F218: =SUMIF(fo!C:C,A218,fo!Z:Z) -> 0 | G218: =SUM(E218:F218) -> 0 | H218: =G218/$L$3 -> 0 | I218: =SUMIF('dali wip-fg'!A:A,A218,'dali wip-fg'!F:F) -> 0 | J218: =SUMIF('dali wip-fg'!A:A,C218,'dali wip-fg'!F:F) -> 50 | K218: =+I218+J218 -> 50 | L218: =+K218/H218 -> #DIV/0! | N218: =IF(L218<6,"แดง",IF(AND(L218>=7,L218<=10),"เหลือง","อื่นๆ")) -> #DIV/0! | O218: =SUMIFS(ord!$F:$F, ord!$C:$C,'check dali wipday'!A218, ord!$G:$G, ">="&DATE(2025,1,1), ord!$G:$G, "<="&$P$2) -> 0 | P218: =+K218-O218 -> 50 | Q218: =IF(_xlfn.MINIFS('ord check'!C:C,'ord check'!$A:$A,'check dali wipday'!A218,'ord check'!J:J,"<0")=0,"",_xlfn.MINIFS('ord check'!C:C,'ord check'!A:A,'check dali wipday'!A218,'ord check'!J:J,"<0"))
A219: 1505A416 | B219: F-RP | C219: 1505A416/429/681;A | D219: =SUMIF(fo!C:C,A219,fo!U:U) -> 4 | E219: =SUMIF(fo!C:C,A219,fo!T:T) -> 4 | F219: =SUMIF(fo!C:C,A219,fo!Z:Z) -> 0 | G219: =SUM(E219:F219) -> 4 | H219: =G219/$L$3 -> 0.2 | I219: =SUMIF('dali wip-fg'!A:A,A219,'dali wip-fg'!F:F) -> 30 | J219: =SUMIF('dali wip-fg'!A:A,C219,'dali wip-fg'!F:F) -> 76 | K219: =+I219+J219 -> 106 | L219: =+K219/H219 -> 530 | N219: =IF(L219<6,"แดง",IF(AND(L219>=7,L219<=10),"เหลือง","อื่นๆ")) -> อื่นๆ | O219: =SUMIFS(ord!$F:$F, ord!$C:$C,'check dali wipday'!A219, ord!$G:$G, ">="&DATE(2025,1,1), ord!$G:$G, "<="&$P$2) -> 0 | P219: =+K219-O219 -> 106 | Q219: =IF(_xlfn.MINIFS('ord check'!C:C,'ord check'!$A:$A,'check dali wipday'!A219,'ord check'!J:J,"<0")=0,"",_xlfn.MINIFS('ord check'!C:C,'ord check'!A:A,'check dali wipday'!A219,'ord check'!J:J,"<0"))
A220: 1505A429 | B220: F-RP | C220: 1505A416/429/681;A | D220: =SUMIF(fo!C:C,A220,fo!U:U) -> 0 | E220: =SUMIF(fo!C:C,A220,fo!T:T) -> 0 | F220: =SUMIF(fo!C:C,A220,fo!Z:Z) -> 0 | G220: =SUM(E220:F220) -> 0 | H220: =G220/$L$3 -> 0 | I220: =SUMIF('dali wip-fg'!A:A,A220,'dali wip-fg'!F:F) -> 0 | J220: =SUMIF('dali wip-fg'!A:A,C220,'dali wip-fg'!F:F) -> 76 | K220: =+I220+J220 -> 76 | L220: =+K220/H220 -> #DIV/0! | N220: =IF(L220<6,"แดง",IF(AND(L220>=7,L220<=10),"เหลือง","อื่นๆ")) -> #DIV/0! | O220: =SUMIFS(ord!$F:$F, ord!$C:$C,'check dali wipday'!A220, ord!$G:$G, ">="&DATE(2025,1,1), ord!$G:$G, "<="&$P$2) -> 0 | P220: =+K220-O220 -> 76 | Q220: =IF(_xlfn.MINIFS('ord check'!C:C,'ord check'!$A:$A,'check dali wipday'!A220,'ord check'!J:J,"<0")=0,"",_xlfn.MINIFS('ord check'!C:C,'ord check'!A:A,'check dali wipday'!A220,'ord check'!J:J,"<0"))
A221: 1505A450 | B221: F-RP | C221: 1505A450;A | D221: =SUMIF(fo!C:C,A221,fo!U:U) -> 0 | E221: =SUMIF(fo!C:C,A221,fo!T:T) -> 0 | F221: =SUMIF(fo!C:C,A221,fo!Z:Z) -> 0 | G221: =SUM(E221:F221) -> 0 | H221: =G221/$L$3 -> 0 | I221: =SUMIF('dali wip-fg'!A:A,A221,'dali wip-fg'!F:F) -> 0 | J221: =SUMIF('dali wip-fg'!A:A,C221,'dali wip-fg'!F:F) -> 0 | K221: =+I221+J221 -> 0 | L221: =+K221/H221 -> #DIV/0! | N221: =IF(L221<6,"แดง",IF(AND(L221>=7,L221<=10),"เหลือง","อื่นๆ")) -> #DIV/0! | O221: =SUMIFS(ord!$F:$F, ord!$C:$C,'check dali wipday'!A221, ord!$G:$G, ">="&DATE(2025,1,1), ord!$G:$G, "<="&$P$2) -> 0 | P221: =+K221-O221 -> 0 | Q221: =IF(_xlfn.MINIFS('ord check'!C:C,'ord check'!$A:$A,'check dali wipday'!A221,'ord check'!J:J,"<0")=0,"",_xlfn.MINIFS('ord check'!C:C,'ord check'!A:A,'check dali wipday'!A221,'ord check'!J:J,"<0"))
A222: 1505A591 | B222: F-RP | C222: 1505A591;A | D222: =SUMIF(fo!C:C,A222,fo!U:U) -> 2 | E222: =SUMIF(fo!C:C,A222,fo!T:T) -> 22 | F222: =SUMIF(fo!C:C,A222,fo!Z:Z) -> 30 | G222: =SUM(E222:F222) -> 52 | H222: =G222/$L$3 -> 2.6 | I222: =SUMIF('dali wip-fg'!A:A,A222,'dali wip-fg'!F:F) -> 28 | J222: =SUMIF('dali wip-fg'!A:A,C222,'dali wip-fg'!F:F) -> 133 | K222: =+I222+J222 -> 161 | L222: =+K222/H222 -> 61.923077 | N222: =IF(L222<6,"แดง",IF(AND(L222>=7,L222<=10),"เหลือง","อื่นๆ")) -> อื่นๆ | O222: =SUMIFS(ord!$F:$F, ord!$C:$C,'check dali wipday'!A222, ord!$G:$G, ">="&DATE(2025,1,1), ord!$G:$G, "<="&$P$2) -> 0 | P222: =+K222-O222 -> 161 | Q222: =IF(_xlfn.MINIFS('ord check'!C:C,'ord check'!$A:$A,'check dali wipday'!A222,'ord check'!J:J,"<0")=0,"",_xlfn.MINIFS('ord check'!C:C,'ord check'!A:A,'check dali wipday'!A222,'ord check'!J:J,"<0"))
A223: 1505A664 | B223: F-RP | C223: 1505A237/664;A | D223: =SUMIF(fo!C:C,A223,fo!U:U) -> 0 | E223: =SUMIF(fo!C:C,A223,fo!T:T) -> 0 | F223: =SUMIF(fo!C:C,A223,fo!Z:Z) -> 0 | G223: =SUM(E223:F223) -> 0 | H223: =G223/$L$3 -> 0 | I223: =SUMIF('dali wip-fg'!A:A,A223,'dali wip-fg'!F:F) -> 5 | J223: =SUMIF('dali wip-fg'!A:A,C223,'dali wip-fg'!F:F) -> 126 | K223: =+I223+J223 -> 131 | L223: =+K223/H223 -> #DIV/0! | N223: =IF(L223<6,"แดง",IF(AND(L223>=7,L223<=10),"เหลือง","อื่นๆ")) -> #DIV/0! | O223: =SUMIFS(ord!$F:$F, ord!$C:$C,'check dali wipday'!A223, ord!$G:$G, ">="&DATE(2025,1,1), ord!$G:$G, "<="&$P$2) -> 0 | P223: =+K223-O223 -> 131 | Q223: =IF(_xlfn.MINIFS('ord check'!C:C,'ord check'!$A:$A,'check dali wipday'!A223,'ord check'!J:J,"<0")=0,"",_xlfn.MINIFS('ord check'!C:C,'ord check'!A:A,'check dali wipday'!A223,'ord check'!J:J,"<0"))
... A274: 16575-97030 | B274: F-RP | C274: 16575-97030;A | D274: =SUMIF(fo!C:C,A274,fo!U:U) -> 0 | E274: =SUMIF(fo!C:C,A274,fo!T:T) -> 0 | F274: =SUMIF(fo!C:C,A274,fo!Z:Z) -> 0 | G274: =SUM(E274:F274) -> 0 | H274: =G274/$L$3 -> 0 | I274: =SUMIF('dali wip-fg'!A:A,A274,'dali wip-fg'!F:F) -> 0 | J274: =SUMIF('dali wip-fg'!A:A,C274,'dali wip-fg'!F:F) -> 0 | K274: =+I274+J274 -> 0 | L274: =+K274/H274 -> #DIV/0! | N274: =IF(L274<6,"แดง",IF(AND(L274>=7,L274<=10),"เหลือง","อื่นๆ")) -> #DIV/0! | O274: =SUMIFS(ord!$F:$F, ord!$C:$C,'check dali wipday'!A274, ord!$G:$G, ">="&DATE(2025,1,1), ord!$G:$G, "<="&$P$2) -> 0 | P274: =+K274-O274 -> 0 | Q274: =IF(_xlfn.MINIFS('ord check'!C:C,'ord check'!$A:$A,'check dali wipday'!A274,'ord check'!J:J,"<0")=0,"",_xlfn.MINIFS('ord check'!C:C,'ord check'!A:A,'check dali wipday'!A274,'ord check'!J:J,"<0"))
A275: 16575W010P | B275: F-RP | C275: 16575W010P;A | D275: =SUMIF(fo!C:C,A275,fo!U:U) -> 164 | E275: =SUMIF(fo!C:C,A275,fo!T:T) -> 1192 | F275: =SUMIF(fo!C:C,A275,fo!Z:Z) -> 371 | G275: =SUM(E275:F275) -> 1563 | H275: =G275/$L$3 -> 78.15 | I275: =SUMIF('dali wip-fg'!A:A,A275,'dali wip-fg'!F:F) -> 137 | J275: =SUMIF('dali wip-fg'!A:A,C275,'dali wip-fg'!F:F) -> 102 | K275: =+I275+J275 -> 239 | L275: =+K275/H275 -> 3.0582214 | M275: INJ E5722 | N275: =IF(L275<6,"แดง",IF(AND(L275>=7,L275<=10),"เหลือง","อื่นๆ")) -> แดง | O275: =SUMIFS(ord!$F:$F, ord!$C:$C,'check dali wipday'!A275, ord!$G:$G, ">="&DATE(2025,1,1), ord!$G:$G, "<="&$P$2) -> 316 | P275: =+K275-O275 -> -77 | Q275: =IF(_xlfn.MINIFS('ord check'!C:C,'ord check'!$A:$A,'check dali wipday'!A275,'ord check'!J:J,"<0")=0,"",_xlfn.MINIFS('ord check'!C:C,'ord check'!A:A,'check dali wipday'!A275,'ord check'!J:J,"<0")) -> 46254
A276: 16576-87G00 | B276: F-RP | C276: 16576-87G00;A | D276: =SUMIF(fo!C:C,A276,fo!U:U) -> 0 | E276: =SUMIF(fo!C:C,A276,fo!T:T) -> 0 | F276: =SUMIF(fo!C:C,A276,fo!Z:Z) -> 0 | G276: =SUM(E276:F276) -> 0 | H276: =G276/$L$3 -> 0 | I276: =SUMIF('dali wip-fg'!A:A,A276,'dali wip-fg'!F:F) -> 0 | J276: =SUMIF('dali wip-fg'!A:A,C276,'dali wip-fg'!F:F) -> 0 | K276: =+I276+J276 -> 0 | L276: =+K276/H276 -> #DIV/0! | N276: =IF(L276<6,"แดง",IF(AND(L276>=7,L276<=10),"เหลือง","อื่นๆ")) -> #DIV/0! | O276: =SUMIFS(ord!$F:$F, ord!$C:$C,'check dali wipday'!A276, ord!$G:$G, ">="&DATE(2025,1,1), ord!$G:$G, "<="&$P$2) -> 0 | P276: =+K276-O276 -> 0 | Q276: =IF(_xlfn.MINIFS('ord check'!C:C,'ord check'!$A:$A,'check dali wipday'!A276,'ord check'!J:J,"<0")=0,"",_xlfn.MINIFS('ord check'!C:C,'ord check'!A:A,'check dali wipday'!A276,'ord check'!J:J,"<0"))
A277: 16578W000P | B277: F-RP | C277: 16578W000P;A | D277: =SUMIF(fo!C:C,A277,fo!U:U) -> 124 | E277: =SUMIF(fo!C:C,A277,fo!T:T) -> 1176 | F277: =SUMIF(fo!C:C,A277,fo!Z:Z) -> 359 | G277: =SUM(E277:F277) -> 1535 | H277: =G277/$L$3 -> 76.75 | I277: =SUMIF('dali wip-fg'!A:A,A277,'dali wip-fg'!F:F) -> 117 | J277: =SUMIF('dali wip-fg'!A:A,C277,'dali wip-fg'!F:F) -> 1783 | K277: =+I277+J277 -> 1900 | L277: =+K277/H277 -> 24.7557 | N277: =IF(L277<6,"แดง",IF(AND(L277>=7,L277<=10),"เหลือง","อื่นๆ")) -> อื่นๆ | O277: =SUMIFS(ord!$F:$F, ord!$C:$C,'check dali wipday'!A277, ord!$G:$G, ">="&DATE(2025,1,1), ord!$G:$G, "<="&$P$2) -> 372 | P277: =+K277-O277 -> 1528 | Q277: =IF(_xlfn.MINIFS('ord check'!C:C,'ord check'!$A:$A,'check dali wipday'!A277,'ord check'!J:J,"<0")=0,"",_xlfn.MINIFS('ord check'!C:C,'ord check'!A:A,'check dali wipday'!A277,'ord check'!J:J,"<0"))
A278: 16861-1452-2 | B278: F-RP | C278: 16861-1452-2;A | D278: =SUMIF(fo!C:C,A278,fo!U:U) -> 0 | E278: =SUMIF(fo!C:C,A278,fo!T:T) -> 0 | F278: =SUMIF(fo!C:C,A278,fo!Z:Z) -> 0 | G278: =SUM(E278:F278) -> 0 | H278: =G278/$L$3 -> 0 | I278: =SUMIF('dali wip-fg'!A:A,A278,'dali wip-fg'!F:F) -> 0 | J278: =SUMIF('dali wip-fg'!A:A,C278,'dali wip-fg'!F:F) -> 0 | K278: =+I278+J278 -> 0 | L278: =+K278/H278 -> #DIV/0! | N278: =IF(L278<6,"แดง",IF(AND(L278>=7,L278<=10),"เหลือง","อื่นๆ")) -> #DIV/0! | O278: =SUMIFS(ord!$F:$F, ord!$C:$C,'check dali wipday'!A278, ord!$G:$G, ">="&DATE(2025,1,1), ord!$G:$G, "<="&$P$2) -> 0 | P278: =+K278-O278 -> 0 | Q278: =IF(_xlfn.MINIFS('ord check'!C:C,'ord check'!$A:$A,'check dali wipday'!A278,'ord check'!J:J,"<0")=0,"",_xlfn.MINIFS('ord check'!C:C,'ord check'!A:A,'check dali wipday'!A278,'ord check'!J:J,"<0"))
A279: 16910-94J00 | B279: F-RPM | C279: 16910-94J00;A | D279: =SUMIF(fo!C:C,A279,fo!U:U) -> 0 | E279: =SUMIF(fo!C:C,A279,fo!T:T) -> 0 | F279: =SUMIF(fo!C:C,A279,fo!Z:Z) -> 0 | G279: =SUM(E279:F279) -> 0 | H279: =G279/$L$3 -> 0 | I279: =SUMIF('dali wip-fg'!A:A,A279,'dali wip-fg'!F:F) -> 150 | J279: =SUMIF('dali wip-fg'!A:A,C279,'dali wip-fg'!F:F) -> 0 | K279: =+I279+J279 -> 150 | L279: =+K279/H279 -> #DIV/0! | N279: =IF(L279<6,"แดง",IF(AND(L279>=7,L279<=10),"เหลือง","อื่นๆ")) -> #DIV/0! | O279: =SUMIFS(ord!$F:$F, ord!$C:$C,'check dali wipday'!A279, ord!$G:$G, ">="&DATE(2025,1,1), ord!$G:$G, "<="&$P$2) -> 0 | P279: =+K279-O279 -> 150 | Q279: =IF(_xlfn.MINIFS('ord check'!C:C,'ord check'!$A:$A,'check dali wipday'!A279,'ord check'!J:J,"<0")=0,"",_xlfn.MINIFS('ord check'!C:C,'ord check'!A:A,'check dali wipday'!A279,'ord check'!J:J,"<0"))
A280: 17012-1230A | B280: F-RPM | C280: 17012-1230A;A | D280: =SUMIF(fo!C:C,A280,fo!U:U) -> 0 | E280: =SUMIF(fo!C:C,A280,fo!T:T) -> 11 | F280: =SUMIF(fo!C:C,A280,fo!Z:Z) -> 4 | G280: =SUM(E280:F280) -> 15 | H280: =G280/$L$3 -> 0.75 | I280: =SUMIF('dali wip-fg'!A:A,A280,'dali wip-fg'!F:F) -> 109 | J280: =SUMIF('dali wip-fg'!A:A,C280,'dali wip-fg'!F:F) -> 2 | K280: =+I280+J280 -> 111 | L280: =+K280/H280 -> 148 | N280: =IF(L280<6,"แดง",IF(AND(L280>=7,L280<=10),"เหลือง","อื่นๆ")) -> อื่นๆ | O280: =SUMIFS(ord!$F:$F, ord!$C:$C,'check dali wipday'!A280, ord!$G:$G, ">="&DATE(2025,1,1), ord!$G:$G, "<="&$P$2) -> 0 | P280: =+K280-O280 -> 111 | Q280: =IF(_xlfn.MINIFS('ord check'!C:C,'ord check'!$A:$A,'check dali wipday'!A280,'ord check'!J:J,"<0")=0,"",_xlfn.MINIFS('ord check'!C:C,'ord check'!A:A,'check dali wipday'!A280,'ord check'!J:J,"<0"))
A281: 17012-1250A | B281: F-EM | C281: 17012-1250A;A | D281: =SUMIF(fo!C:C,A281,fo!U:U) -> 0 | E281: =SUMIF(fo!C:C,A281,fo!T:T) -> 0 | F281: =SUMIF(fo!C:C,A281,fo!Z:Z) -> 0 | G281: =SUM(E281:F281) -> 0 | H281: =G281/$L$3 -> 0 | I281: =SUMIF('dali wip-fg'!A:A,A281,'dali wip-fg'!F:F) -> 0 | J281: =SUMIF('dali wip-fg'!A:A,C281,'dali wip-fg'!F:F) -> 0 | K281: =+I281+J281 -> 0 | L281: =+K281/H281 -> #DIV/0! | N281: =IF(L281<6,"แดง",IF(AND(L281>=7,L281<=10),"เหลือง","อื่นๆ")) -> #DIV/0! | O281: =SUMIFS(ord!$F:$F, ord!$C:$C,'check dali wipday'!A281, ord!$G:$G, ">="&DATE(2025,1,1), ord!$G:$G, "<="&$P$2) -> 0 | P281: =+K281-O281 -> 0 | Q281: =IF(_xlfn.MINIFS('ord check'!C:C,'ord check'!$A:$A,'check dali wipday'!A281,'ord check'!J:J,"<0")=0,"",_xlfn.MINIFS('ord check'!C:C,'ord check'!A:A,'check dali wipday'!A281,'ord check'!J:J,"<0"))
A282: 17232-R7CA-G010-M1 | B282: F-RP | C282: 17232-R7CA-G010;A | D282: =SUMIF(fo!C:C,A282,fo!U:U) -> 0 | E282: =SUMIF(fo!C:C,A282,fo!T:T) -> 0 | F282: =SUMIF(fo!C:C,A282,fo!Z:Z) -> 0 | G282: =SUM(E282:F282) -> 0 | H282: =G282/$L$3 -> 0 | I282: =SUMIF('dali wip-fg'!A:A,A282,'dali wip-fg'!F:F) -> 0 | J282: =SUMIF('dali wip-fg'!A:A,C282,'dali wip-fg'!F:F) -> 0 | K282: =+I282+J282 -> 0 | L282: =+K282/H282 -> #DIV/0! | N282: =IF(L282<6,"แดง",IF(AND(L282>=7,L282<=10),"เหลือง","อื่นๆ")) -> #DIV/0! | O282: =SUMIFS(ord!$F:$F, ord!$C:$C,'check dali wipday'!A282, ord!$G:$G, ">="&DATE(2025,1,1), ord!$G:$G, "<="&$P$2) -> 0 | P282: =+K282-O282 -> 0 | Q282: =IF(_xlfn.MINIFS('ord check'!C:C,'ord check'!$A:$A,'check dali wipday'!A282,'ord check'!J:J,"<0")=0,"",_xlfn.MINIFS('ord check'!C:C,'ord check'!A:A,'check dali wipday'!A282,'ord check'!J:J,"<0"))
A283: 17232-R7CA-G010-M1 | B283: F-RP | C283: 17232-R7CA-G010;S | D283: =SUMIF(fo!C:C,A283,fo!U:U) -> 0 | E283: =SUMIF(fo!C:C,A283,fo!T:T) -> 0 | F283: =SUMIF(fo!C:C,A283,fo!Z:Z) -> 0 | G283: =SUM(E283:F283) -> 0 | H283: =G283/$L$3 -> 0 | I283: =SUMIF('dali wip-fg'!A:A,A283,'dali wip-fg'!F:F) -> 0 | J283: =SUMIF('dali wip-fg'!A:A,C283,'dali wip-fg'!F:F) -> 0 | K283: =+I283+J283 -> 0 | L283: =+K283/H283 -> #DIV/0! | N283: =IF(L283<6,"แดง",IF(AND(L283>=7,L283<=10),"เหลือง","อื่นๆ")) -> #DIV/0! | O283: =SUMIFS(ord!$F:$F, ord!$C:$C,'check dali wipday'!A283, ord!$G:$G, ">="&DATE(2025,1,1), ord!$G:$G, "<="&$P$2) -> 0 | P283: =+K283-O283 -> 0 | Q283: =IF(_xlfn.MINIFS('ord check'!C:C,'ord check'!$A:$A,'check dali wipday'!A283,'ord check'!J:J,"<0")=0,"",_xlfn.MINIFS('ord check'!C:C,'ord check'!A:A,'check dali wipday'!A283,'ord check'!J:J,"<0"))
A284: 17240-8M200 | B284: F-RP | C284: 17240-8M200;A | D284: =SUMIF(fo!C:C,A284,fo!U:U) -> 0 | E284: =SUMIF(fo!C:C,A284,fo!T:T) -> 0 | F284: =SUMIF(fo!C:C,A284,fo!Z:Z) -> 0 | G284: =SUM(E284:F284) -> 0 | H284: =G284/$L$3 -> 0 | I284: =SUMIF('dali wip-fg'!A:A,A284,'dali wip-fg'!F:F) -> 0 | J284: =SUMIF('dali wip-fg'!A:A,C284,'dali wip-fg'!F:F) -> 0 | K284: =+I284+J284 -> 0 | L284: =+K284/H284 -> #DIV/0! | N284: =IF(L284<6,"แดง",IF(AND(L284>=7,L284<=10),"เหลือง","อื่นๆ")) -> #DIV/0! | O284: =SUMIFS(ord!$F:$F, ord!$C:$C,'check dali wipday'!A284, ord!$G:$G, ">="&DATE(2025,1,1), ord!$G:$G, "<="&$P$2) -> 0 | P284: =+K284-O284 -> 0 | Q284: =IF(_xlfn.MINIFS('ord check'!C:C,'ord check'!$A:$A,'check dali wipday'!A284,'ord check'!J:J,"<0")=0,"",_xlfn.MINIFS('ord check'!C:C,'ord check'!A:A,'check dali wipday'!A284,'ord check'!J:J,"<0"))
A285: 17250-PWA-0002 | B285: F-RP | C285: 17250-PWA-0002;A | D285: =SUMIF(fo!C:C,A285,fo!U:U) -> 0 | E285: =SUMIF(fo!C:C,A285,fo!T:T) -> 0 | F285: =SUMIF(fo!C:C,A285,fo!Z:Z) -> 0 | G285: =SUM(E285:F285) -> 0 | H285: =G285/$L$3 -> 0 | I285: =SUMIF('dali wip-fg'!A:A,A285,'dali wip-fg'!F:F) -> 0 | J285: =SUMIF('dali wip-fg'!A:A,C285,'dali wip-fg'!F:F) -> 0 | K285: =+I285+J285 -> 0 | L285: =+K285/H285 -> #DIV/0! | N285: =IF(L285<6,"แดง",IF(AND(L285>=7,L285<=10),"เหลือง","อื่นๆ")) -> #DIV/0! | O285: =SUMIFS(ord!$F:$F, ord!$C:$C,'check dali wipday'!A285, ord!$G:$G, ">="&DATE(2025,1,1), ord!$G:$G, "<="&$P$2) -> 0 | P285: =+K285-O285 -> 0 | Q285: =IF(_xlfn.MINIFS('ord check'!C:C,'ord check'!$A:$A,'check dali wipday'!A285,'ord check'!J:J,"<0")=0,"",_xlfn.MINIFS('ord check'!C:C,'ord check'!A:A,'check dali wipday'!A285,'ord check'!J:J,"<0"))
A286: 17342-79900 | B286: F-RP | C286: 17342-79900;A | D286: =SUMIF(fo!C:C,A286,fo!U:U) -> 0 | E286: =SUMIF(fo!C:C,A286,fo!T:T) -> 0 | F286: =SUMIF(fo!C:C,A286,fo!Z:Z) -> 0 | G286: =SUM(E286:F286) -> 0 | H286: =G286/$L$3 -> 0 | I286: =SUMIF('dali wip-fg'!A:A,A286,'dali wip-fg'!F:F) -> 0 | J286: =SUMIF('dali wip-fg'!A:A,C286,'dali wip-fg'!F:F) -> 0 | K286: =+I286+J286 -> 0 | L286: =+K286/H286 -> #DIV/0! | N286: =IF(L286<6,"แดง",IF(AND(L286>=7,L286<=10),"เหลือง","อื่นๆ")) -> #DIV/0! | O286: =SUMIFS(ord!$F:$F, ord!$C:$C,'check dali wipday'!A286, ord!$G:$G, ">="&DATE(2025,1,1), ord!$G:$G, "<="&$P$2) -> 0 | P286: =+K286-O286 -> 0 | Q286: =IF(_xlfn.MINIFS('ord check'!C:C,'ord check'!$A:$A,'check dali wipday'!A286,'ord check'!J:J,"<0")=0,"",_xlfn.MINIFS('ord check'!C:C,'ord check'!A:A,'check dali wipday'!A286,'ord check'!J:J,"<0"))
...

Sheet ord check
A1: SAP Mat. | B1: Outstd.Base Qty | C1: Dlv. Date | F1: semi | G1: fg | H1: wip | I1: total | J1: Balance | N1: Material | O1: Matl group | P1: Component
A2: =ord!C2 -> 73525-SWA-0000 | B2: =ord!F2 -> 20 | C2: =ord!G2 -> 46241 | F2: =VLOOKUP(A2,N:P,3,0) -> #N/A | G2: =SUMIF('dali wip-fg'!A:A,A2,'dali wip-fg'!F:F) -> 17 | H2: =SUMIF('dali wip-fg'!A:A,F2,'dali wip-fg'!F:F) -> 0 | I2: =SUM(G2:H2) -> 17 | J2: =IF(I2="","",IF(I2<>I1,I2-B2,J1-B2) ) -> -3 | N2: 19923 | O2: F-RP | P2: 19923;A
A3: =ord!C3 -> 75800-SNLA-T102 | B3: =ord!F3 -> 5 | C3: =ord!G3 -> 46248 | F3: =VLOOKUP(A3,N:P,3,0) -> 75800-SNLA-T102;A | G3: =SUMIF('dali wip-fg'!A:A,A3,'dali wip-fg'!F:F) -> 0 | H3: =SUMIF('dali wip-fg'!A:A,F3,'dali wip-fg'!F:F) -> 247 | I3: =SUM(G3:H3) -> 247 | J3: =IF(I3="","",IF(I3<>I2,I3-B3,J2-B3) ) -> 242 | N3: 1182003 | O3: F-RPM | P3: 1182003;A
A4: =ord!C4 -> 75800-SNLA-T102 | B4: =ord!F4 -> 4 | C4: =ord!G4 -> 46248 | F4: =VLOOKUP(A4,N:P,3,0) -> 75800-SNLA-T102;A | G4: =SUMIF('dali wip-fg'!A:A,A4,'dali wip-fg'!F:F) -> 0 | H4: =SUMIF('dali wip-fg'!A:A,F4,'dali wip-fg'!F:F) -> 247 | I4: =SUM(G4:H4) -> 247 | J4: =IF(I4="","",IF(I4<>I3,I4-B4,J3-B4) ) -> 238 | N4: 1182011 | O4: F-EM | P4: 1182011;A
A5: =ord!C5 -> 75800-SNLA-T102 | B5: =ord!F5 -> 4 | C5: =ord!G5 -> 46255 | F5: =VLOOKUP(A5,N:P,3,0) -> 75800-SNLA-T102;A | G5: =SUMIF('dali wip-fg'!A:A,A5,'dali wip-fg'!F:F) -> 0 | H5: =SUMIF('dali wip-fg'!A:A,F5,'dali wip-fg'!F:F) -> 247 | I5: =SUM(G5:H5) -> 247 | J5: =IF(I5="","",IF(I5<>I4,I5-B5,J4-B5) ) -> 234 | N5: 1184469 | O5: F-RPM | P5: 1184469;A
A6: =ord!C6 -> 75800-SNLA-T102 | B6: =ord!F6 -> 4 | C6: =ord!G6 -> 46262 | F6: =VLOOKUP(A6,N:P,3,0) -> 75800-SNLA-T102;A | G6: =SUMIF('dali wip-fg'!A:A,A6,'dali wip-fg'!F:F) -> 0 | H6: =SUMIF('dali wip-fg'!A:A,F6,'dali wip-fg'!F:F) -> 247 | I6: =SUM(G6:H6) -> 247 | J6: =IF(I6="","",IF(I6<>I5,I6-B6,J5-B6) ) -> 230 | N6: 1189300 | O6: F-RPM | P6: 1189300;A
A7: =ord!C7 -> 75810-SNLA-T102 | B7: =ord!F7 -> 3 | C7: =ord!G7 -> 46255 | F7: =VLOOKUP(A7,N:P,3,0) -> 75810-SNLA-T102;A | G7: =SUMIF('dali wip-fg'!A:A,A7,'dali wip-fg'!F:F) -> 0 | H7: =SUMIF('dali wip-fg'!A:A,F7,'dali wip-fg'!F:F) -> 174 | I7: =SUM(G7:H7) -> 174 | J7: =IF(I7="","",IF(I7<>I6,I7-B7,J6-B7) ) -> 171 | N7: 1189988 | O7: F-RPM | P7: 1189988;A
A8: =ord!C8 -> 75810-SNLA-T102 | B8: =ord!F8 -> 3 | C8: =ord!G8 -> 46262 | F8: =VLOOKUP(A8,N:P,3,0) -> 75810-SNLA-T102;A | G8: =SUMIF('dali wip-fg'!A:A,A8,'dali wip-fg'!F:F) -> 0 | H8: =SUMIF('dali wip-fg'!A:A,F8,'dali wip-fg'!F:F) -> 174 | I8: =SUM(G8:H8) -> 174 | J8: =IF(I8="","",IF(I8<>I7,I8-B8,J7-B8) ) -> 168 | N8: 5848516 | P8: 5848516;A
A9: =ord!C9 -> 75830-SNLA-T101 | B9: =ord!F9 -> 2 | C9: =ord!G9 -> 46255 | F9: =VLOOKUP(A9,N:P,3,0) -> 75830-SNLA-T101;A | G9: =SUMIF('dali wip-fg'!A:A,A9,'dali wip-fg'!F:F) -> 0 | H9: =SUMIF('dali wip-fg'!A:A,F9,'dali wip-fg'!F:F) -> 45 | I9: =SUM(G9:H9) -> 45 | J9: =IF(I9="","",IF(I9<>I8,I9-B9,J8-B9) ) -> 43 | N9: 97215052 | O9: F-EM | P9: 97215052;A
A10: =ord!C10 -> 75830-SNLA-T101 | B10: =ord!F10 -> 3 | C10: =ord!G10 -> 46262 | F10: =VLOOKUP(A10,N:P,3,0) -> 75830-SNLA-T101;A | G10: =SUMIF('dali wip-fg'!A:A,A10,'dali wip-fg'!F:F) -> 0 | H10: =SUMIF('dali wip-fg'!A:A,F10,'dali wip-fg'!F:F) -> 45 | I10: =SUM(G10:H10) -> 45 | J10: =IF(I10="","",IF(I10<>I9,I10-B10,J9-B10) ) -> 40 | N10: 97235925 | O10: F-EM | P10: 97235925;A
A11: =ord!C11 -> 4PB30948-1 | B11: =ord!F11 -> 500 | C11: =ord!G11 -> 46248 | F11: =VLOOKUP(A11,N:P,3,0) -> 205X210-C60;A | G11: =SUMIF('dali wip-fg'!A:A,A11,'dali wip-fg'!F:F) -> 500 | H11: =SUMIF('dali wip-fg'!A:A,F11,'dali wip-fg'!F:F) -> 64 | I11: =SUM(G11:H11) -> 564 | J11: =IF(I11="","",IF(I11<>I10,I11-B11,J10-B11) ) -> 64 | N11: 97946549 | O11: F-EM | P11: 97946549;A
A12: =ord!C12 -> 1G957-1452-1 | B12: =ord!F12 -> 2000 | C12: =ord!G12 -> 46253 | F12: =VLOOKUP(A12,N:P,3,0) -> 1G957-1452-1;A | G12: =SUMIF('dali wip-fg'!A:A,A12,'dali wip-fg'!F:F) -> 6000 | H12: =SUMIF('dali wip-fg'!A:A,F12,'dali wip-fg'!F:F) -> 1020 | I12: =SUM(G12:H12) -> 7020 | J12: =IF(I12="","",IF(I12<>I11,I12-B12,J11-B12) ) -> 5020 | N12: 97946803 | O12: F-EM | P12: 97946803;A
A13: =ord!C13 -> 1J630-69F-A000 | B13: =ord!F13 -> 60 | C13: =ord!G13 -> 46248 | F13: =VLOOKUP(A13,N:P,3,0) -> 1J630-69F-A000;A | G13: =SUMIF('dali wip-fg'!A:A,A13,'dali wip-fg'!F:F) -> 762 | H13: =SUMIF('dali wip-fg'!A:A,F13,'dali wip-fg'!F:F) -> 1215 | I13: =SUM(G13:H13) -> 1977 | J13: =IF(I13="","",IF(I13<>I12,I13-B13,J12-B13) ) -> 1917 | N13: 98181937 | O13: F-RP | P13: 98181937;A
A14: =ord!C14 -> 1J630-69F-A000 | B14: =ord!F14 -> 120 | C14: =ord!G14 -> 46248 | F14: =VLOOKUP(A14,N:P,3,0) -> 1J630-69F-A000;A | G14: =SUMIF('dali wip-fg'!A:A,A14,'dali wip-fg'!F:F) -> 762 | H14: =SUMIF('dali wip-fg'!A:A,F14,'dali wip-fg'!F:F) -> 1215 | I14: =SUM(G14:H14) -> 1977 | J14: =IF(I14="","",IF(I14<>I13,I14-B14,J13-B14) ) -> 1797 | N14: 322954801 | O14: F-RP | P14: B-2400;TRD060S
A15: =ord!C15 -> 1J630-69F-A000 | B15: =ord!F15 -> 120 | C15: =ord!G15 -> 46251 | F15: =VLOOKUP(A15,N:P,3,0) -> 1J630-69F-A000;A | G15: =SUMIF('dali wip-fg'!A:A,A15,'dali wip-fg'!F:F) -> 762 | H15: =SUMIF('dali wip-fg'!A:A,F15,'dali wip-fg'!F:F) -> 1215 | I15: =SUM(G15:H15) -> 1977 | J15: =IF(I15="","",IF(I15<>I14,I15-B15,J14-B15) ) -> 1677 | N15: 334516500 | O15: F-RP | P15: 334516500;A
A16: =ord!C16 -> 1J630-69F-A000 | B16: =ord!F16 -> 60 | C16: =ord!G16 -> 46252 | F16: =VLOOKUP(A16,N:P,3,0) -> 1J630-69F-A000;A | G16: =SUMIF('dali wip-fg'!A:A,A16,'dali wip-fg'!F:F) -> 762 | H16: =SUMIF('dali wip-fg'!A:A,F16,'dali wip-fg'!F:F) -> 1215 | I16: =SUM(G16:H16) -> 1977 | J16: =IF(I16="","",IF(I16<>I15,I16-B16,J15-B16) ) -> 1617 | N16: 975579810 | P16: 975579810;A
A17: =ord!C17 -> 1J630-69F-A000 | B17: =ord!F17 -> 60 | C17: =ord!G17 -> 46253 | F17: =VLOOKUP(A17,N:P,3,0) -> 1J630-69F-A000;A | G17: =SUMIF('dali wip-fg'!A:A,A17,'dali wip-fg'!F:F) -> 762 | H17: =SUMIF('dali wip-fg'!A:A,F17,'dali wip-fg'!F:F) -> 1215 | I17: =SUM(G17:H17) -> 1977 | J17: =IF(I17="","",IF(I17<>I16,I17-B17,J16-B17) ) -> 1557 | N17: 1209421300 | P17: 1209421300;A
A18: =ord!C18 -> 1J630-69F-A000 | B18: =ord!F18 -> 120 | C18: =ord!G18 -> 46254 | F18: =VLOOKUP(A18,N:P,3,0) -> 1J630-69F-A000;A | G18: =SUMIF('dali wip-fg'!A:A,A18,'dali wip-fg'!F:F) -> 762 | H18: =SUMIF('dali wip-fg'!A:A,F18,'dali wip-fg'!F:F) -> 1215 | I18: =SUM(G18:H18) -> 1977 | J18: =IF(I18="","",IF(I18<>I17,I18-B18,J17-B18) ) -> 1437 | N18: 1511720971 | O18: F-RPM | P18: 1511720971;A
A19: =ord!C19 -> 1J630-69F-A000 | B19: =ord!F19 -> 60 | C19: =ord!G19 -> 46255 | F19: =VLOOKUP(A19,N:P,3,0) -> 1J630-69F-A000;A | G19: =SUMIF('dali wip-fg'!A:A,A19,'dali wip-fg'!F:F) -> 762 | H19: =SUMIF('dali wip-fg'!A:A,F19,'dali wip-fg'!F:F) -> 1215 | I19: =SUM(G19:H19) -> 1977 | J19: =IF(I19="","",IF(I19<>I18,I19-B19,J18-B19) ) -> 1377 | N19: 1609538141 | O19: F-RP | P19: 1609538141;A
A20: =ord!C20 -> 1J630-69F-A000 | B20: =ord!F20 -> 60 | C20: =ord!G20 -> 46260 | F20: =VLOOKUP(A20,N:P,3,0) -> 1J630-69F-A000;A | G20: =SUMIF('dali wip-fg'!A:A,A20,'dali wip-fg'!F:F) -> 762 | H20: =SUMIF('dali wip-fg'!A:A,F20,'dali wip-fg'!F:F) -> 1215 | I20: =SUM(G20:H20) -> 1977 | J20: =IF(I20="","",IF(I20<>I19,I20-B20,J19-B20) ) -> 1317 | N20: 1615085102 | O20: F-RP | P20: 1615085102;A
A21: =ord!C21 -> 1J630-69F-A000 | B21: =ord!F21 -> 60 | C21: =ord!G21 -> 46261 | F21: =VLOOKUP(A21,N:P,3,0) -> 1J630-69F-A000;A | G21: =SUMIF('dali wip-fg'!A:A,A21,'dali wip-fg'!F:F) -> 762 | H21: =SUMIF('dali wip-fg'!A:A,F21,'dali wip-fg'!F:F) -> 1215 | I21: =SUM(G21:H21) -> 1977 | J21: =IF(I21="","",IF(I21<>I20,I21-B21,J20-B21) ) -> 1257 | N21: 5240189650 | O21: F-RP | P21: 5240189650;A
A22: =ord!C22 -> 1J670-69F-A000 | B22: =ord!F22 -> 60 | C22: =ord!G22 -> 46248 | F22: =VLOOKUP(A22,N:P,3,0) -> 1J670-69F-A000;A | G22: =SUMIF('dali wip-fg'!A:A,A22,'dali wip-fg'!F:F) -> 699 | H22: =SUMIF('dali wip-fg'!A:A,F22,'dali wip-fg'!F:F) -> 135 | I22: =SUM(G22:H22) -> 834 | J22: =IF(I22="","",IF(I22<>I21,I22-B22,J21-B22) ) -> 774 | N22: 5335025380 | O22: F-RP | P22: 5335025380;A
A23: =ord!C23 -> 1J670-69F-A000 | B23: =ord!F23 -> 120 | C23: =ord!G23 -> 46248 | F23: =VLOOKUP(A23,N:P,3,0) -> 1J670-69F-A000;A | G23: =SUMIF('dali wip-fg'!A:A,A23,'dali wip-fg'!F:F) -> 699 | H23: =SUMIF('dali wip-fg'!A:A,F23,'dali wip-fg'!F:F) -> 135 | I23: =SUM(G23:H23) -> 834 | J23: =IF(I23="","",IF(I23<>I22,I23-B23,J22-B23) ) -> 654 | N23: 5345033750 | O23: F-RP | P23: 226-209-007;A
A24: =ord!C24 -> 1J670-69F-A000 | B24: =ord!F24 -> 120 | C24: =ord!G24 -> 46251 | F24: =VLOOKUP(A24,N:P,3,0) -> 1J670-69F-A000;A | G24: =SUMIF('dali wip-fg'!A:A,A24,'dali wip-fg'!F:F) -> 699 | H24: =SUMIF('dali wip-fg'!A:A,F24,'dali wip-fg'!F:F) -> 135 | I24: =SUM(G24:H24) -> 834 | J24: =IF(I24="","",IF(I24<>I23,I24-B24,J23-B24) ) -> 534 | N24: 6508817700 | O24: F-RP | P24: 6508817700;A
A25: =ord!C25 -> 1J670-69F-A000 | B25: =ord!F25 -> 60 | C25: =ord!G25 -> 46252 | F25: =VLOOKUP(A25,N:P,3,0) -> 1J670-69F-A000;A | G25: =SUMIF('dali wip-fg'!A:A,A25,'dali wip-fg'!F:F) -> 699 | H25: =SUMIF('dali wip-fg'!A:A,F25,'dali wip-fg'!F:F) -> 135 | I25: =SUM(G25:H25) -> 834 | J25: =IF(I25="","",IF(I25<>I24,I25-B25,J24-B25) ) -> 474 | N25: 8519806800 | O25: F-VAC | P25: 8519806800;A
A26: =ord!C26 -> 1J670-69F-A000 | B26: =ord!F26 -> 60 | C26: =ord!G26 -> 46253 | F26: =VLOOKUP(A26,N:P,3,0) -> 1J670-69F-A000;A | G26: =SUMIF('dali wip-fg'!A:A,A26,'dali wip-fg'!F:F) -> 699 | H26: =SUMIF('dali wip-fg'!A:A,F26,'dali wip-fg'!F:F) -> 135 | I26: =SUM(G26:H26) -> 834 | J26: =IF(I26="","",IF(I26<>I25,I26-B26,J25-B26) ) -> 414 | N26: 8975007280 | O26: F-RP | P26: 8975007280;A
A27: =ord!C27 -> 1J670-69F-A000 | B27: =ord!F27 -> 120 | C27: =ord!G27 -> 46254 | F27: =VLOOKUP(A27,N:P,3,0) -> 1J670-69F-A000;A | G27: =SUMIF('dali wip-fg'!A:A,A27,'dali wip-fg'!F:F) -> 699 | H27: =SUMIF('dali wip-fg'!A:A,F27,'dali wip-fg'!F:F) -> 135 | I27: =SUM(G27:H27) -> 834 | J27: =IF(I27="","",IF(I27<>I26,I27-B27,J26-B27) ) -> 294 | N27: 8975385310 | O27: F-RP | P27: 8975385310;A
A28: =ord!C28 -> 1J670-69F-A000 | B28: =ord!F28 -> 60 | C28: =ord!G28 -> 46255 | F28: =VLOOKUP(A28,N:P,3,0) -> 1J670-69F-A000;A | G28: =SUMIF('dali wip-fg'!A:A,A28,'dali wip-fg'!F:F) -> 699 | H28: =SUMIF('dali wip-fg'!A:A,F28,'dali wip-fg'!F:F) -> 135 | I28: =SUM(G28:H28) -> 834 | J28: =IF(I28="","",IF(I28<>I27,I28-B28,J27-B28) ) -> 234 | N28: 8975579810 | O28: F-RPM | P28: 8975579810;A
A29: =ord!C29 -> 1J670-69F-A000 | B29: =ord!F29 -> 60 | C29: =ord!G29 -> 46260 | F29: =VLOOKUP(A29,N:P,3,0) -> 1J670-69F-A000;A | G29: =SUMIF('dali wip-fg'!A:A,A29,'dali wip-fg'!F:F) -> 699 | H29: =SUMIF('dali wip-fg'!A:A,F29,'dali wip-fg'!F:F) -> 135 | I29: =SUM(G29:H29) -> 834 | J29: =IF(I29="","",IF(I29<>I28,I29-B29,J28-B29) ) -> 174 | N29: 8978291420 | O29: F-RP | P29: 8978291420;A
A30: =ord!C30 -> 1J670-69F-A000 | B30: =ord!F30 -> 60 | C30: =ord!G30 -> 46261 | F30: =VLOOKUP(A30,N:P,3,0) -> 1J670-69F-A000;A | G30: =SUMIF('dali wip-fg'!A:A,A30,'dali wip-fg'!F:F) -> 699 | H30: =SUMIF('dali wip-fg'!A:A,F30,'dali wip-fg'!F:F) -> 135 | I30: =SUM(G30:H30) -> 834 | J30: =IF(I30="","",IF(I30<>I29,I30-B30,J29-B30) ) -> 114 | N30: 8983517840 | O30: F-RP | P30: 8983517840;A
A31: =ord!C31 -> 30E-73134-0000 | B31: =ord!F31 -> 2000 | C31: =ord!G31 -> 46241 | F31: =VLOOKUP(A31,N:P,3,0) -> #N/A | G31: =SUMIF('dali wip-fg'!A:A,A31,'dali wip-fg'!F:F) -> 2000 | H31: =SUMIF('dali wip-fg'!A:A,F31,'dali wip-fg'!F:F) -> 0 | I31: =SUM(G31:H31) -> 2000 | J31: =IF(I31="","",IF(I31<>I30,I31-B31,J30-B31) ) -> 0 | N31: 8983943812 | O31: F-RP | P31: 8983943810;A
A32: =ord!C32 -> J25-73134-0002 | B32: =ord!F32 -> 120000 | C32: =ord!G32 -> 46251 | F32: =VLOOKUP(A32,N:P,3,0) -> J25-73134-0002;A | G32: =SUMIF('dali wip-fg'!A:A,A32,'dali wip-fg'!F:F) -> 22500 | H32: =SUMIF('dali wip-fg'!A:A,F32,'dali wip-fg'!F:F) -> 158593 | I32: =SUM(G32:H32) -> 181093 | J32: =IF(I32="","",IF(I32<>I31,I32-B32,J31-B32) ) -> 61093 | N32: 8983943831 | O32: F-RP | P32: 8983943830;A
A33: =ord!C33 -> J25-73134-0002 | B33: =ord!F33 -> 96000 | C33: =ord!G33 -> 46253 | F33: =VLOOKUP(A33,N:P,3,0) -> J25-73134-0002;A | G33: =SUMIF('dali wip-fg'!A:A,A33,'dali wip-fg'!F:F) -> 22500 | H33: =SUMIF('dali wip-fg'!A:A,F33,'dali wip-fg'!F:F) -> 158593 | I33: =SUM(G33:H33) -> 181093 | J33: =IF(I33="","",IF(I33<>I32,I33-B33,J32-B33) ) -> -34907 | N33: 8983943851 | O33: F-RP | P33: 8983943850;A
A34: =ord!C34 -> J25-73134-0002 | B34: =ord!F34 -> 96000 | C34: =ord!G34 -> 46255 | F34: =VLOOKUP(A34,N:P,3,0) -> J25-73134-0002;A | G34: =SUMIF('dali wip-fg'!A:A,A34,'dali wip-fg'!F:F) -> 22500 | H34: =SUMIF('dali wip-fg'!A:A,F34,'dali wip-fg'!F:F) -> 158593 | I34: =SUM(G34:H34) -> 181093 | J34: =IF(I34="","",IF(I34<>I33,I34-B34,J33-B34) ) -> -130907 | N34: 8983943862 | O34: F-RP | P34: 8983943860;A
A35: =ord!C35 -> J25-73134-0002 | B35: =ord!F35 -> 80000 | C35: =ord!G35 -> 46258 | F35: =VLOOKUP(A35,N:P,3,0) -> J25-73134-0002;A | G35: =SUMIF('dali wip-fg'!A:A,A35,'dali wip-fg'!F:F) -> 22500 | H35: =SUMIF('dali wip-fg'!A:A,F35,'dali wip-fg'!F:F) -> 158593 | I35: =SUM(G35:H35) -> 181093 | J35: =IF(I35="","",IF(I35<>I34,I35-B35,J34-B35) ) -> -210907 | N35: 8983947931 | O35: F-EM | P35: 8983947931;A
A36: =ord!C36 -> J25-73134-0002 | B36: =ord!F36 -> 120000 | C36: =ord!G36 -> 46261 | F36: =VLOOKUP(A36,N:P,3,0) -> J25-73134-0002;A | G36: =SUMIF('dali wip-fg'!A:A,A36,'dali wip-fg'!F:F) -> 22500 | H36: =SUMIF('dali wip-fg'!A:A,F36,'dali wip-fg'!F:F) -> 158593 | I36: =SUM(G36:H36) -> 181093 | J36: =IF(I36="","",IF(I36<>I35,I36-B36,J35-B36) ) -> -330907 | N36: 8983954210 | O36: F-EM | P36: 8983954210;A
A37: =ord!C37 -> 42528-SMA-9010-Y1 | B37: =ord!F37 -> 10000 | C37: =ord!G37 -> 46248 | F37: =VLOOKUP(A37,N:P,3,0) -> 42528-SMA-9010;A | G37: =SUMIF('dali wip-fg'!A:A,A37,'dali wip-fg'!F:F) -> 19600 | H37: =SUMIF('dali wip-fg'!A:A,F37,'dali wip-fg'!F:F) -> 399002 | I37: =SUM(G37:H37) -> 418602 | J37: =IF(I37="","",IF(I37<>I36,I37-B37,J36-B37) ) -> 408602 | N37: 22800055900000 | O37: F-FLOAT | P37: 0228-00055-90;A2
A38: =ord!C38 -> 42528-SMA-9010-Y1 | B38: =ord!F38 -> 10000 | C38: =ord!G38 -> 46251 | F38: =VLOOKUP(A38,N:P,3,0) -> 42528-SMA-9010;A | G38: =SUMIF('dali wip-fg'!A:A,A38,'dali wip-fg'!F:F) -> 19600 | H38: =SUMIF('dali wip-fg'!A:A,F38,'dali wip-fg'!F:F) -> 399002 | I38: =SUM(G38:H38) -> 418602 | J38: =IF(I38="","",IF(I38<>I37,I38-B38,J37-B38) ) -> 398602 | N38: 22800059900000 | O38: F-FLOAT | P38: 0228-0008-00;A2
A39: =ord!C39 -> 42528-SMA-9010-Y1 | B39: =ord!F39 -> 10000 | C39: =ord!G39 -> 46255 | F39: =VLOOKUP(A39,N:P,3,0) -> 42528-SMA-9010;A | G39: =SUMIF('dali wip-fg'!A:A,A39,'dali wip-fg'!F:F) -> 19600 | H39: =SUMIF('dali wip-fg'!A:A,F39,'dali wip-fg'!F:F) -> 399002 | I39: =SUM(G39:H39) -> 418602 | J39: =IF(I39="","",IF(I39<>I38,I39-B39,J38-B39) ) -> 388602 | N39: 0001-001 | O39: F-VAC | P39: 0001-001;A
A40: =ord!C40 -> 897946-5490 | B40: =ord!F40 -> 30 | C40: =ord!G40 -> 46245 | F40: =VLOOKUP(A40,N:P,3,0) -> 897946-5490;A | G40: =SUMIF('dali wip-fg'!A:A,A40,'dali wip-fg'!F:F) -> 164 | H40: =SUMIF('dali wip-fg'!A:A,F40,'dali wip-fg'!F:F) -> 326 | I40: =SUM(G40:H40) -> 490 | J40: =IF(I40="","",IF(I40<>I39,I40-B40,J39-B40) ) -> 460 | N40: 0108-I190-GASKET | O40: F-RP | P40: 0108-I190-GASKET;A
A41: =ord!C41 -> 897946-5490 | B41: =ord!F41 -> 30 | C41: =ord!G41 -> 46245 | F41: =VLOOKUP(A41,N:P,3,0) -> 897946-5490;A | G41: =SUMIF('dali wip-fg'!A:A,A41,'dali wip-fg'!F:F) -> 164 | H41: =SUMIF('dali wip-fg'!A:A,F41,'dali wip-fg'!F:F) -> 326 | I41: =SUM(G41:H41) -> 490 | J41: =IF(I41="","",IF(I41<>I40,I41-B41,J40-B41) ) -> 430 | N41: 01-640280 | O41: F-RP | P41: 01-640280;A
A42: =ord!C42 -> 897946-5490 | B42: =ord!F42 -> 30 | C42: =ord!G42 -> 46246 | F42: =VLOOKUP(A42,N:P,3,0) -> 897946-5490;A | G42: =SUMIF('dali wip-fg'!A:A,A42,'dali wip-fg'!F:F) -> 164 | H42: =SUMIF('dali wip-fg'!A:A,F42,'dali wip-fg'!F:F) -> 326 | I42: =SUM(G42:H42) -> 490 | J42: =IF(I42="","",IF(I42<>I41,I42-B42,J41-B42) ) -> 400 | N42: 01-640312 | O42: F-RP | P42: 01-640312;A
A43: =ord!C43 -> 897946-5490 | B43: =ord!F43 -> 90 | C43: =ord!G43 -> 46247 | F43: =VLOOKUP(A43,N:P,3,0) -> 897946-5490;A | G43: =SUMIF('dali wip-fg'!A:A,A43,'dali wip-fg'!F:F) -> 164 | H43: =SUMIF('dali wip-fg'!A:A,F43,'dali wip-fg'!F:F) -> 326 | I43: =SUM(G43:H43) -> 490 | J43: =IF(I43="","",IF(I43<>I42,I43-B43,J42-B43) ) -> 310 | N43: 0208-28-320 | O43: F-EM | P43: 0208-28-320;A
A44: =ord!C44 -> 897946-5490 | B44: =ord!F44 -> 30 | C44: =ord!G44 -> 46248 | F44: =VLOOKUP(A44,N:P,3,0) -> 897946-5490;A | G44: =SUMIF('dali wip-fg'!A:A,A44,'dali wip-fg'!F:F) -> 164 | H44: =SUMIF('dali wip-fg'!A:A,F44,'dali wip-fg'!F:F) -> 326 | I44: =SUM(G44:H44) -> 490 | J44: =IF(I44="","",IF(I44<>I43,I44-B44,J43-B44) ) -> 280 | N44: 0228-00008-92-00 | O44: F-FLOAT | P44: 0228-0008-00;A2
A45: =ord!C45 -> 897946-5490 | B45: =ord!F45 -> 30 | C45: =ord!G45 -> 46248 | F45: =VLOOKUP(A45,N:P,3,0) -> 897946-5490;A | G45: =SUMIF('dali wip-fg'!A:A,A45,'dali wip-fg'!F:F) -> 164 | H45: =SUMIF('dali wip-fg'!A:A,F45,'dali wip-fg'!F:F) -> 326 | I45: =SUM(G45:H45) -> 490 | J45: =IF(I45="","",IF(I45<>I44,I45-B45,J44-B45) ) -> 250 | N45: 0228-00019-9000 | O45: F-FLOAT | P45: 0228-00019-9000;A2
A46: =ord!C46 -> 897946-5490 | B46: =ord!F46 -> 90 | C46: =ord!G46 -> 46251 | F46: =VLOOKUP(A46,N:P,3,0) -> 897946-5490;A | G46: =SUMIF('dali wip-fg'!A:A,A46,'dali wip-fg'!F:F) -> 164 | H46: =SUMIF('dali wip-fg'!A:A,F46,'dali wip-fg'!F:F) -> 326 | I46: =SUM(G46:H46) -> 490 | J46: =IF(I46="","",IF(I46<>I45,I46-B46,J45-B46) ) -> 160 | N46: 0228000199000K | O46: F-FLOAT | P46: 0228-00019-9000;A2
A47: =ord!C47 -> 897946-5490 | B47: =ord!F47 -> 30 | C47: =ord!G47 -> 46252 | F47: =VLOOKUP(A47,N:P,3,0) -> 897946-5490;A | G47: =SUMIF('dali wip-fg'!A:A,A47,'dali wip-fg'!F:F) -> 164 | H47: =SUMIF('dali wip-fg'!A:A,F47,'dali wip-fg'!F:F) -> 326 | I47: =SUM(G47:H47) -> 490 | J47: =IF(I47="","",IF(I47<>I46,I47-B47,J46-B47) ) -> 130 | N47: 0228000199000VN | O47: F-FLOAT | P47: 0228-00019-9000;A2
A48: =ord!C48 -> 897946-5490 | B48: =ord!F48 -> 90 | C48: =ord!G48 -> 46253 | F48: =VLOOKUP(A48,N:P,3,0) -> 897946-5490;A | G48: =SUMIF('dali wip-fg'!A:A,A48,'dali wip-fg'!F:F) -> 164 | H48: =SUMIF('dali wip-fg'!A:A,F48,'dali wip-fg'!F:F) -> 326 | I48: =SUM(G48:H48) -> 490 | J48: =IF(I48="","",IF(I48<>I47,I48-B48,J47-B48) ) -> 40 | N48: 0228000199C0002 | O48: F-FLOAT | P48: 0228-00019-9000;A2
A49: =ord!C49 -> 897946-5490 | B49: =ord!F49 -> 30 | C49: =ord!G49 -> 46253 | F49: =VLOOKUP(A49,N:P,3,0) -> 897946-5490;A | G49: =SUMIF('dali wip-fg'!A:A,A49,'dali wip-fg'!F:F) -> 164 | H49: =SUMIF('dali wip-fg'!A:A,F49,'dali wip-fg'!F:F) -> 326 | I49: =SUM(G49:H49) -> 490 | J49: =IF(I49="","",IF(I49<>I48,I49-B49,J48-B49) ) -> 10 | N49: 0228-00050-90-001 | O49: F-FLOAT | P49: 0228-00050-90;A2
A50: =ord!C50 -> 897946-5490 | B50: =ord!F50 -> 30 | C50: =ord!G50 -> 46254 | F50: =VLOOKUP(A50,N:P,3,0) -> 897946-5490;A | G50: =SUMIF('dali wip-fg'!A:A,A50,'dali wip-fg'!F:F) -> 164 | H50: =SUMIF('dali wip-fg'!A:A,F50,'dali wip-fg'!F:F) -> 326 | I50: =SUM(G50:H50) -> 490 | J50: =IF(I50="","",IF(I50<>I49,I50-B50,J49-B50) ) -> -20 | N50: 0228000509C0001 | O50: F-FLOAT | P50: 0228-00050-90;A2
... A137: =ord!C137 -> 8983947931 | B137: =ord!F137 -> 120 | C137: =ord!G137 -> 46247 | F137: =VLOOKUP(A137,N:P,3,0) -> 8983947931;A | G137: =SUMIF('dali wip-fg'!A:A,A137,'dali wip-fg'!F:F) -> 2235 | H137: =SUMIF('dali wip-fg'!A:A,F137,'dali wip-fg'!F:F) -> 5728 | I137: =SUM(G137:H137) -> 7963 | J137: =IF(I137="","",IF(I137<>I136,I137-B137,J136-B137) ) -> 7303 | N137: 11320-B5000 | O137: F-EM | P137: 11320-B5000;A
A138: =ord!C138 -> 8983947931 | B138: =ord!F138 -> 120 | C138: =ord!G138 -> 46248 | F138: =VLOOKUP(A138,N:P,3,0) -> 8983947931;A | G138: =SUMIF('dali wip-fg'!A:A,A138,'dali wip-fg'!F:F) -> 2235 | H138: =SUMIF('dali wip-fg'!A:A,F138,'dali wip-fg'!F:F) -> 5728 | I138: =SUM(G138:H138) -> 7963 | J138: =IF(I138="","",IF(I138<>I137,I138-B138,J137-B138) ) -> 7183 | N138: 11363-K0R-V000 | P138: 11363-K0R-V000;A
A139: =ord!C139 -> 8983947931 | B139: =ord!F139 -> 90 | C139: =ord!G139 -> 46248 | F139: =VLOOKUP(A139,N:P,3,0) -> 8983947931;A | G139: =SUMIF('dali wip-fg'!A:A,A139,'dali wip-fg'!F:F) -> 2235 | H139: =SUMIF('dali wip-fg'!A:A,F139,'dali wip-fg'!F:F) -> 5728 | I139: =SUM(G139:H139) -> 7963 | J139: =IF(I139="","",IF(I139<>I138,I139-B139,J138-B139) ) -> 7093 | N139: 11456-17068 | O139: F-VAC | P139: 11456-17068;A
A140: =ord!C140 -> 8983947931 | B140: =ord!F140 -> 150 | C140: =ord!G140 -> 46249 | F140: =VLOOKUP(A140,N:P,3,0) -> 8983947931;A | G140: =SUMIF('dali wip-fg'!A:A,A140,'dali wip-fg'!F:F) -> 2235 | H140: =SUMIF('dali wip-fg'!A:A,F140,'dali wip-fg'!F:F) -> 5728 | I140: =SUM(G140:H140) -> 7963 | J140: =IF(I140="","",IF(I140<>I139,I140-B140,J139-B140) ) -> 6943 | N140: 11610-58B01 | O140: F-EM | P140: 11610-58B01;A
A141: =ord!C141 -> 8983947931 | B141: =ord!F141 -> 90 | C141: =ord!G141 -> 46249 | F141: =VLOOKUP(A141,N:P,3,0) -> 8983947931;A | G141: =SUMIF('dali wip-fg'!A:A,A141,'dali wip-fg'!F:F) -> 2235 | H141: =SUMIF('dali wip-fg'!A:A,F141,'dali wip-fg'!F:F) -> 5728 | I141: =SUM(G141:H141) -> 7963 | J141: =IF(I141="","",IF(I141<>I140,I141-B141,J140-B141) ) -> 6853 | N141: 11610-80010 | O141: F-EM | P141: 11610-80010;A
A142: =ord!C142 -> 8983947931 | B142: =ord!F142 -> 90 | C142: =ord!G142 -> 46250 | F142: =VLOOKUP(A142,N:P,3,0) -> 8983947931;A | G142: =SUMIF('dali wip-fg'!A:A,A142,'dali wip-fg'!F:F) -> 2235 | H142: =SUMIF('dali wip-fg'!A:A,F142,'dali wip-fg'!F:F) -> 5728 | I142: =SUM(G142:H142) -> 7963 | J142: =IF(I142="","",IF(I142<>I141,I142-B142,J141-B142) ) -> 6763 | N142: 11710-60A01 | O142: F-EM | P142: 11710-60A01;A
A143: =ord!C143 -> 8983947931 | B143: =ord!F143 -> 30 | C143: =ord!G143 -> 46251 | F143: =VLOOKUP(A143,N:P,3,0) -> 8983947931;A | G143: =SUMIF('dali wip-fg'!A:A,A143,'dali wip-fg'!F:F) -> 2235 | H143: =SUMIF('dali wip-fg'!A:A,F143,'dali wip-fg'!F:F) -> 5728 | I143: =SUM(G143:H143) -> 7963 | J143: =IF(I143="","",IF(I143<>I142,I143-B143,J142-B143) ) -> 6733 | N143: 11828-W0400 | O143: F-RP | P143: 11828-W0400;A
A144: =ord!C144 -> 8983947931 | B144: =ord!F144 -> 120 | C144: =ord!G144 -> 46252 | F144: =VLOOKUP(A144,N:P,3,0) -> 8983947931;A | G144: =SUMIF('dali wip-fg'!A:A,A144,'dali wip-fg'!F:F) -> 2235 | H144: =SUMIF('dali wip-fg'!A:A,F144,'dali wip-fg'!F:F) -> 5728 | I144: =SUM(G144:H144) -> 7963 | J144: =IF(I144="","",IF(I144<>I143,I144-B144,J143-B144) ) -> 6613 | N144: 11831-PM3-0000 | O144: F-RP | P144: 11831-PM3-0000;A
A145: =ord!C145 -> 8983947931 | B145: =ord!F145 -> 60 | C145: =ord!G145 -> 46252 | F145: =VLOOKUP(A145,N:P,3,0) -> 8983947931;A | G145: =SUMIF('dali wip-fg'!A:A,A145,'dali wip-fg'!F:F) -> 2235 | H145: =SUMIF('dali wip-fg'!A:A,F145,'dali wip-fg'!F:F) -> 5728 | I145: =SUM(G145:H145) -> 7963 | J145: =IF(I145="","",IF(I145<>I144,I145-B145,J144-B145) ) -> 6553 | N145: 12001-32988-L | O145: F-RPM | P145: 12001-32988-L;A
A146: =ord!C146 -> 8983947931 | B146: =ord!F146 -> 30 | C146: =ord!G146 -> 46253 | F146: =VLOOKUP(A146,N:P,3,0) -> 8983947931;A | G146: =SUMIF('dali wip-fg'!A:A,A146,'dali wip-fg'!F:F) -> 2235 | H146: =SUMIF('dali wip-fg'!A:A,F146,'dali wip-fg'!F:F) -> 5728 | I146: =SUM(G146:H146) -> 7963 | J146: =IF(I146="","",IF(I146<>I145,I146-B146,J145-B146) ) -> 6523 | N146: 12001-32988-LEXM | O146: F-RPM | P146: 12001-32988-L;A
A147: =ord!C147 -> 8983947931 | B147: =ord!F147 -> 90 | C147: =ord!G147 -> 46253 | F147: =VLOOKUP(A147,N:P,3,0) -> 8983947931;A | G147: =SUMIF('dali wip-fg'!A:A,A147,'dali wip-fg'!F:F) -> 2235 | H147: =SUMIF('dali wip-fg'!A:A,F147,'dali wip-fg'!F:F) -> 5728 | I147: =SUM(G147:H147) -> 7963 | J147: =IF(I147="","",IF(I147<>I146,I147-B147,J146-B147) ) -> 6433 | N147: 12031-1590 | O147: F-EM | P147: 12031-1590;A
A148: =ord!C148 -> 8983947931 | B148: =ord!F148 -> 90 | C148: =ord!G148 -> 46254 | F148: =VLOOKUP(A148,N:P,3,0) -> 8983947931;A | G148: =SUMIF('dali wip-fg'!A:A,A148,'dali wip-fg'!F:F) -> 2235 | H148: =SUMIF('dali wip-fg'!A:A,F148,'dali wip-fg'!F:F) -> 5728 | I148: =SUM(G148:H148) -> 7963 | J148: =IF(I148="","",IF(I148<>I147,I148-B148,J147-B148) ) -> 6343 | N148: 12031-2022 | O148: F-EM | P148: 12031-2022;A
A149: =ord!C149 -> 8983947931 | B149: =ord!F149 -> 90 | C149: =ord!G149 -> 46254 | F149: =VLOOKUP(A149,N:P,3,0) -> 8983947931;A | G149: =SUMIF('dali wip-fg'!A:A,A149,'dali wip-fg'!F:F) -> 2235 | H149: =SUMIF('dali wip-fg'!A:A,F149,'dali wip-fg'!F:F) -> 5728 | I149: =SUM(G149:H149) -> 7963 | J149: =IF(I149="","",IF(I149<>I148,I149-B149,J148-B149) ) -> 6253 | N149: 12035-1661 | O149: F-EM | P149: 12035-1661;A
A150: =ord!C150 -> 8983947931 | B150: =ord!F150 -> 30 | C150: =ord!G150 -> 46254 | F150: =VLOOKUP(A150,N:P,3,0) -> 8983947931;A | G150: =SUMIF('dali wip-fg'!A:A,A150,'dali wip-fg'!F:F) -> 2235 | H150: =SUMIF('dali wip-fg'!A:A,F150,'dali wip-fg'!F:F) -> 5728 | I150: =SUM(G150:H150) -> 7963 | J150: =IF(I150="","",IF(I150<>I149,I150-B150,J149-B150) ) -> 6223 | N150: 12046-1165D | O150: F-RPM | P150: 12046-1165D;A
... A199: =ord!C199 -> 7552296440 | B199: =ord!F199 -> 30 | C199: =ord!G199 -> 46248 | F199: =VLOOKUP(A199,N:P,3,0) -> 7552296440;A | G199: =SUMIF('dali wip-fg'!A:A,A199,'dali wip-fg'!F:F) -> 170 | H199: =SUMIF('dali wip-fg'!A:A,F199,'dali wip-fg'!F:F) -> 1233 | I199: =SUM(G199:H199) -> 1403 | J199: =IF(I199="","",IF(I199<>I198,I199-B199,J198-B199) ) -> 1069 | N199: 13881-84MA0 | O199: F-RP | P199: 13881-84MA0;A
A200: =ord!C200 -> 7552296440 | B200: =ord!F200 -> 15 | C200: =ord!G200 -> 46248 | F200: =VLOOKUP(A200,N:P,3,0) -> 7552296440;A | G200: =SUMIF('dali wip-fg'!A:A,A200,'dali wip-fg'!F:F) -> 170 | H200: =SUMIF('dali wip-fg'!A:A,F200,'dali wip-fg'!F:F) -> 1233 | I200: =SUM(G200:H200) -> 1403 | J200: =IF(I200="","",IF(I200<>I199,I200-B200,J199-B200) ) -> 1054 | N200: 14093-1525 | P200: 14093-1525;A
A201: =ord!C201 -> 7552296440 | B201: =ord!F201 -> 30 | C201: =ord!G201 -> 46248 | F201: =VLOOKUP(A201,N:P,3,0) -> 7552296440;A | G201: =SUMIF('dali wip-fg'!A:A,A201,'dali wip-fg'!F:F) -> 170 | H201: =SUMIF('dali wip-fg'!A:A,F201,'dali wip-fg'!F:F) -> 1233 | I201: =SUM(G201:H201) -> 1403 | J201: =IF(I201="","",IF(I201<>I200,I201-B201,J200-B201) ) -> 1024 | N201: 14093-1543 | P201: 14093-1543;A
A202: =ord!C202 -> 7552296440 | B202: =ord!F202 -> 15 | C202: =ord!G202 -> 46248 | F202: =VLOOKUP(A202,N:P,3,0) -> 7552296440;A | G202: =SUMIF('dali wip-fg'!A:A,A202,'dali wip-fg'!F:F) -> 170 | H202: =SUMIF('dali wip-fg'!A:A,F202,'dali wip-fg'!F:F) -> 1233 | I202: =SUM(G202:H202) -> 1403 | J202: =IF(I202="","",IF(I202<>I201,I202-B202,J201-B202) ) -> 1009 | N202: 14281-58M00 | O202: F-RP | P202: 14281-58M00;A
A203: =ord!C203 -> 7552296440 | B203: =ord!F203 -> 60 | C203: =ord!G203 -> 46248 | F203: =VLOOKUP(A203,N:P,3,0) -> 7552296440;A | G203: =SUMIF('dali wip-fg'!A:A,A203,'dali wip-fg'!F:F) -> 170 | H203: =SUMIF('dali wip-fg'!A:A,F203,'dali wip-fg'!F:F) -> 1233 | I203: =SUM(G203:H203) -> 1403 | J203: =IF(I203="","",IF(I203<>I202,I203-B203,J202-B203) ) -> 949 | N203: 14281-77M00 | O203: F-RP | P203: 14281-77M00;A
A204: =ord!C204 -> 7552296440 | B204: =ord!F204 -> 10 | C204: =ord!G204 -> 46248 | F204: =VLOOKUP(A204,N:P,3,0) -> 7552296440;A | G204: =SUMIF('dali wip-fg'!A:A,A204,'dali wip-fg'!F:F) -> 170 | H204: =SUMIF('dali wip-fg'!A:A,F204,'dali wip-fg'!F:F) -> 1233 | I204: =SUM(G204:H204) -> 1403 | J204: =IF(I204="","",IF(I204<>I203,I204-B204,J203-B204) ) -> 939 | N204: 14281-77M10 | O204: F-RP | P204: 14281-77M10;A
A205: =ord!C205 -> 7552296440 | B205: =ord!F205 -> 15 | C205: =ord!G205 -> 46249 | F205: =VLOOKUP(A205,N:P,3,0) -> 7552296440;A | G205: =SUMIF('dali wip-fg'!A:A,A205,'dali wip-fg'!F:F) -> 170 | H205: =SUMIF('dali wip-fg'!A:A,F205,'dali wip-fg'!F:F) -> 1233 | I205: =SUM(G205:H205) -> 1403 | J205: =IF(I205="","",IF(I205<>I204,I205-B205,J204-B205) ) -> 924 | N205: 14281-78M00-000 | O205: F-RP | P205: 14281-78M00-000;A
A206: =ord!C206 -> 7552296440 | B206: =ord!F206 -> 15 | C206: =ord!G206 -> 46249 | F206: =VLOOKUP(A206,N:P,3,0) -> 7552296440;A | G206: =SUMIF('dali wip-fg'!A:A,A206,'dali wip-fg'!F:F) -> 170 | H206: =SUMIF('dali wip-fg'!A:A,F206,'dali wip-fg'!F:F) -> 1233 | I206: =SUM(G206:H206) -> 1403 | J206: =IF(I206="","",IF(I206<>I205,I206-B206,J205-B206) ) -> 909 | N206: 14281-79P20-EXP | O206: F-RP | P206: 14281-78M00-000;A
A207: =ord!C207 -> 7552296440 | B207: =ord!F207 -> 15 | C207: =ord!G207 -> 46249 | F207: =VLOOKUP(A207,N:P,3,0) -> 7552296440;A | G207: =SUMIF('dali wip-fg'!A:A,A207,'dali wip-fg'!F:F) -> 170 | H207: =SUMIF('dali wip-fg'!A:A,F207,'dali wip-fg'!F:F) -> 1233 | I207: =SUM(G207:H207) -> 1403 | J207: =IF(I207="","",IF(I207<>I206,I207-B207,J206-B207) ) -> 894 | N207: 14510-K1MA-T000-EX | O207: F-RPM | P207: 14510-K1MA-T000;A
A208: =ord!C208 -> 7552296440 | B208: =ord!F208 -> 15 | C208: =ord!G208 -> 46249 | F208: =VLOOKUP(A208,N:P,3,0) -> 7552296440;A | G208: =SUMIF('dali wip-fg'!A:A,A208,'dali wip-fg'!F:F) -> 170 | H208: =SUMIF('dali wip-fg'!A:A,F208,'dali wip-fg'!F:F) -> 1233 | I208: =SUM(G208:H208) -> 1403 | J208: =IF(I208="","",IF(I208<>I207,I208-B208,J207-B208) ) -> 879 | N208: 14566A010P | O208: F-RP | P208: 14566A010P;A
A209: =ord!C209 -> 7552296440 | B209: =ord!F209 -> 30 | C209: =ord!G209 -> 46249 | F209: =VLOOKUP(A209,N:P,3,0) -> 7552296440;A | G209: =SUMIF('dali wip-fg'!A:A,A209,'dali wip-fg'!F:F) -> 170 | H209: =SUMIF('dali wip-fg'!A:A,F209,'dali wip-fg'!F:F) -> 1233 | I209: =SUM(G209:H209) -> 1403 | J209: =IF(I209="","",IF(I209<>I208,I209-B209,J208-B209) ) -> 849 | N209: 14566W000P | O209: F-RP | P209: 14566W000P;A
A210: =ord!C210 -> 7552296440 | B210: =ord!F210 -> 10 | C210: =ord!G210 -> 46249 | F210: =VLOOKUP(A210,N:P,3,0) -> 7552296440;A | G210: =SUMIF('dali wip-fg'!A:A,A210,'dali wip-fg'!F:F) -> 170 | H210: =SUMIF('dali wip-fg'!A:A,F210,'dali wip-fg'!F:F) -> 1233 | I210: =SUM(G210:H210) -> 1403 | J210: =IF(I210="","",IF(I210<>I209,I210-B210,J209-B210) ) -> 839 | N210: 14620-K1MA-T000-EX | O210: F-RPM | P210: 14620-K1MA-T000;A
A211: =ord!C211 -> 7552296440 | B211: =ord!F211 -> 10 | C211: =ord!G211 -> 46249 | F211: =VLOOKUP(A211,N:P,3,0) -> 7552296440;A | G211: =SUMIF('dali wip-fg'!A:A,A211,'dali wip-fg'!F:F) -> 170 | H211: =SUMIF('dali wip-fg'!A:A,F211,'dali wip-fg'!F:F) -> 1233 | I211: =SUM(G211:H211) -> 1403 | J211: =IF(I211="","",IF(I211<>I210,I211-B211,J210-B211) ) -> 829 | N211: 1505A041 | O211: F-RP | P211: 1505A041;A
A212: =ord!C212 -> 7552296440 | B212: =ord!F212 -> 45 | C212: =ord!G212 -> 46249 | F212: =VLOOKUP(A212,N:P,3,0) -> 7552296440;A | G212: =SUMIF('dali wip-fg'!A:A,A212,'dali wip-fg'!F:F) -> 170 | H212: =SUMIF('dali wip-fg'!A:A,F212,'dali wip-fg'!F:F) -> 1233 | I212: =SUM(G212:H212) -> 1403 | J212: =IF(I212="","",IF(I212<>I211,I212-B212,J211-B212) ) -> 784 | N212: 1505A237 | O212: F-RP | P212: 1505A237/664;A
A213: =ord!C213 -> 7552296440 | B213: =ord!F213 -> 15 | C213: =ord!G213 -> 46250 | F213: =VLOOKUP(A213,N:P,3,0) -> 7552296440;A | G213: =SUMIF('dali wip-fg'!A:A,A213,'dali wip-fg'!F:F) -> 170 | H213: =SUMIF('dali wip-fg'!A:A,F213,'dali wip-fg'!F:F) -> 1233 | I213: =SUM(G213:H213) -> 1403 | J213: =IF(I213="","",IF(I213<>I212,I213-B213,J212-B213) ) -> 769 | N213: 1505A365 | O213: F-RP | P213: MN135030;A
... A292: =ord!C292 -> 897916-0110 | B292: =ord!F292 -> 24 | C292: =ord!G292 -> 46253 | F292: =VLOOKUP(A292,N:P,3,0) -> 897916-0110;A | G292: =SUMIF('dali wip-fg'!A:A,A292,'dali wip-fg'!F:F) -> 77 | H292: =SUMIF('dali wip-fg'!A:A,F292,'dali wip-fg'!F:F) -> 353 | I292: =SUM(G292:H292) -> 430 | J292: =IF(I292="","",IF(I292<>I291,I292-B292,J291-B292) ) -> 310 | N292: 17511-SR3-3000 | O292: F-RP | P292: RUB.SHEET400X430
A293: =ord!C293 -> 897916-0110 | B293: =ord!F293 -> 24 | C293: =ord!G293 -> 46255 | F293: =VLOOKUP(A293,N:P,3,0) -> 897916-0110;A | G293: =SUMIF('dali wip-fg'!A:A,A293,'dali wip-fg'!F:F) -> 77 | H293: =SUMIF('dali wip-fg'!A:A,F293,'dali wip-fg'!F:F) -> 353 | I293: =SUM(G293:H293) -> 430 | J293: =IF(I293="","",IF(I293<>I292,I293-B293,J292-B293) ) -> 286 | N293: 17513-K67-9001 | P293: 17513-K67-9001;A
A294: =ord!C294 -> 898002-0850 | B294: =ord!F294 -> 24 | C294: =ord!G294 -> 46245 | F294: =VLOOKUP(A294,N:P,3,0) -> 898002-0850;A | G294: =SUMIF('dali wip-fg'!A:A,A294,'dali wip-fg'!F:F) -> 71 | H294: =SUMIF('dali wip-fg'!A:A,F294,'dali wip-fg'!F:F) -> 268 | I294: =SUM(G294:H294) -> 339 | J294: =IF(I294="","",IF(I294<>I293,I294-B294,J293-B294) ) -> 315 | N294: 17515-GBJ-M300 | O294: F-VAC | P294: 17515-GBJ-M300;A
A295: =ord!C295 -> 898002-0850 | B295: =ord!F295 -> 24 | C295: =ord!G295 -> 46248 | F295: =VLOOKUP(A295,N:P,3,0) -> 898002-0850;A | G295: =SUMIF('dali wip-fg'!A:A,A295,'dali wip-fg'!F:F) -> 71 | H295: =SUMIF('dali wip-fg'!A:A,F295,'dali wip-fg'!F:F) -> 268 | I295: =SUM(G295:H295) -> 339 | J295: =IF(I295="","",IF(I295<>I294,I295-B295,J294-B295) ) -> 291 | N295: 17563-58010 | O295: F-EM | P295: 17563-58010;A
A296: =ord!C296 -> 898002-0850 | B296: =ord!F296 -> 24 | C296: =ord!G296 -> 46249 | F296: =VLOOKUP(A296,N:P,3,0) -> 898002-0850;A | G296: =SUMIF('dali wip-fg'!A:A,A296,'dali wip-fg'!F:F) -> 71 | H296: =SUMIF('dali wip-fg'!A:A,F296,'dali wip-fg'!F:F) -> 268 | I296: =SUM(G296:H296) -> 339 | J296: =IF(I296="","",IF(I296<>I295,I296-B296,J295-B296) ) -> 267 | N296: 17567-17010 | O296: F-EM | P296: 17567-17010;A
A297: =ord!C297 -> 898002-0850 | B297: =ord!F297 -> 24 | C297: =ord!G297 -> 46251 | F297: =VLOOKUP(A297,N:P,3,0) -> 898002-0850;A | G297: =SUMIF('dali wip-fg'!A:A,A297,'dali wip-fg'!F:F) -> 71 | H297: =SUMIF('dali wip-fg'!A:A,F297,'dali wip-fg'!F:F) -> 268 | I297: =SUM(G297:H297) -> 339 | J297: =IF(I297="","",IF(I297<>I296,I297-B297,J296-B297) ) -> 243 | N297: 17571-74430 | O297: F-EM | P297: 17571-74430;A
A298: =ord!C298 -> 898002-0850 | B298: =ord!F298 -> 24 | C298: =ord!G298 -> 46253 | F298: =VLOOKUP(A298,N:P,3,0) -> 898002-0850;A | G298: =SUMIF('dali wip-fg'!A:A,A298,'dali wip-fg'!F:F) -> 71 | H298: =SUMIF('dali wip-fg'!A:A,F298,'dali wip-fg'!F:F) -> 268 | I298: =SUM(G298:H298) -> 339 | J298: =IF(I298="","",IF(I298<>I297,I298-B298,J297-B298) ) -> 219 | N298: 17572-15080 | O298: F-EM | P298: 17572-15080;A
A299: =ord!C299 -> 898002-0850 | B299: =ord!F299 -> 24 | C299: =ord!G299 -> 46254 | F299: =VLOOKUP(A299,N:P,3,0) -> 898002-0850;A | G299: =SUMIF('dali wip-fg'!A:A,A299,'dali wip-fg'!F:F) -> 71 | H299: =SUMIF('dali wip-fg'!A:A,F299,'dali wip-fg'!F:F) -> 268 | I299: =SUM(G299:H299) -> 339 | J299: =IF(I299="","",IF(I299<>I298,I299-B299,J298-B299) ) -> 195 | N299: 17572-54080 | O299: F-EM | P299: 17572-54080;A
A300: =ord!C300 -> 898002-0850 | B300: =ord!F300 -> 24 | C300: =ord!G300 -> 46255 | F300: =VLOOKUP(A300,N:P,3,0) -> 898002-0850;A | G300: =SUMIF('dali wip-fg'!A:A,A300,'dali wip-fg'!F:F) -> 71 | H300: =SUMIF('dali wip-fg'!A:A,F300,'dali wip-fg'!F:F) -> 268 | I300: =SUM(G300:H300) -> 339 | J300: =IF(I300="","",IF(I300<>I299,I300-B300,J299-B300) ) -> 171 | N300: 17611-3A0A-A001 | O300: F-RP | P300: 17611-3A0A-A001;A
A301: =ord!C301 -> 182117-0860 | B301: =ord!F301 -> 96 | C301: =ord!G301 -> 46245 | F301: =VLOOKUP(A301,N:P,3,0) -> 182117-0860;A | G301: =SUMIF('dali wip-fg'!A:A,A301,'dali wip-fg'!F:F) -> 1757 | H301: =SUMIF('dali wip-fg'!A:A,F301,'dali wip-fg'!F:F) -> 1180 | I301: =SUM(G301:H301) -> 2937 | J301: =IF(I301="","",IF(I301<>I300,I301-B301,J300-B301) ) -> 2841 | N301: 17611-3C0A-Z000 | O301: F-RP | P301: 17611-3C0A-Z000;A
A302: =ord!C302 -> 182117-0860 | B302: =ord!F302 -> 384 | C302: =ord!G302 -> 46247 | F302: =VLOOKUP(A302,N:P,3,0) -> 182117-0860;A | G302: =SUMIF('dali wip-fg'!A:A,A302,'dali wip-fg'!F:F) -> 1757 | H302: =SUMIF('dali wip-fg'!A:A,F302,'dali wip-fg'!F:F) -> 1180 | I302: =SUM(G302:H302) -> 2937 | J302: =IF(I302="","",IF(I302<>I301,I302-B302,J301-B302) ) -> 2457 | N302: 17611-3C0A-Z010 | P302: 17611-3C0A-Z010;A
A303: =ord!C303 -> 182117-0860 | B303: =ord!F303 -> 288 | C303: =ord!G303 -> 46248 | F303: =VLOOKUP(A303,N:P,3,0) -> 182117-0860;A | G303: =SUMIF('dali wip-fg'!A:A,A303,'dali wip-fg'!F:F) -> 1757 | H303: =SUMIF('dali wip-fg'!A:A,F303,'dali wip-fg'!F:F) -> 1180 | I303: =SUM(G303:H303) -> 2937 | J303: =IF(I303="","",IF(I303<>I302,I303-B303,J302-B303) ) -> 2169 | N303: 17611-T24-T110 | O303: F-RP | P303: 17611-T24-T110;A
A304: =ord!C304 -> 182117-0860 | B304: =ord!F304 -> 288 | C304: =ord!G304 -> 46249 | F304: =VLOOKUP(A304,N:P,3,0) -> 182117-0860;A | G304: =SUMIF('dali wip-fg'!A:A,A304,'dali wip-fg'!F:F) -> 1757 | H304: =SUMIF('dali wip-fg'!A:A,F304,'dali wip-fg'!F:F) -> 1180 | I304: =SUM(G304:H304) -> 2937 | J304: =IF(I304="","",IF(I304<>I303,I304-B304,J303-B304) ) -> 1881 | N304: 17611-T50A-J010 | O304: F-RP | P304: 17611-T50A-J010;A
A305: =ord!C305 -> 182117-0860 | B305: =ord!F305 -> 192 | C305: =ord!G305 -> 46251 | F305: =VLOOKUP(A305,N:P,3,0) -> 182117-0860;A | G305: =SUMIF('dali wip-fg'!A:A,A305,'dali wip-fg'!F:F) -> 1757 | H305: =SUMIF('dali wip-fg'!A:A,F305,'dali wip-fg'!F:F) -> 1180 | I305: =SUM(G305:H305) -> 2937 | J305: =IF(I305="","",IF(I305<>I304,I305-B305,J304-B305) ) -> 1689 | N305: 17611-T51A-H010 | O305: F-RP | P305: 17611-T51A-H010;A
A306: =ord!C306 -> 182117-0860 | B306: =ord!F306 -> 384 | C306: =ord!G306 -> 46252 | F306: =VLOOKUP(A306,N:P,3,0) -> 182117-0860;A | G306: =SUMIF('dali wip-fg'!A:A,A306,'dali wip-fg'!F:F) -> 1757 | H306: =SUMIF('dali wip-fg'!A:A,F306,'dali wip-fg'!F:F) -> 1180 | I306: =SUM(G306:H306) -> 2937 | J306: =IF(I306="","",IF(I306<>I305,I306-B306,J305-B306) ) -> 1305 | N306: 17611-TLA-A000 | P306: 17611-TLA-A000;A
A307: =ord!C307 -> 182117-0860 | B307: =ord!F307 -> 336 | C307: =ord!G307 -> 46253 | F307: =VLOOKUP(A307,N:P,3,0) -> 182117-0860;A | G307: =SUMIF('dali wip-fg'!A:A,A307,'dali wip-fg'!F:F) -> 1757 | H307: =SUMIF('dali wip-fg'!A:A,F307,'dali wip-fg'!F:F) -> 1180 | I307: =SUM(G307:H307) -> 2937 | J307: =IF(I307="","",IF(I307<>I306,I307-B307,J306-B307) ) -> 969 | N307: 17752-BZ100-H | O307: F-RP | P307: 17752-BZ100-H;A
A308: =ord!C308 -> 182117-0860 | B308: =ord!F308 -> 240 | C308: =ord!G308 -> 46254 | F308: =VLOOKUP(A308,N:P,3,0) -> 182117-0860;A | G308: =SUMIF('dali wip-fg'!A:A,A308,'dali wip-fg'!F:F) -> 1757 | H308: =SUMIF('dali wip-fg'!A:A,F308,'dali wip-fg'!F:F) -> 1180 | I308: =SUM(G308:H308) -> 2937 | J308: =IF(I308="","",IF(I308<>I307,I308-B308,J307-B308) ) -> 729 | N308: 17752-BZ120 | O308: F-RPM | P308: 17752-BZ120;A
A309: =ord!C309 -> 182117-0860 | B309: =ord!F309 -> 240 | C309: =ord!G309 -> 46255 | F309: =VLOOKUP(A309,N:P,3,0) -> 182117-0860;A | G309: =SUMIF('dali wip-fg'!A:A,A309,'dali wip-fg'!F:F) -> 1757 | H309: =SUMIF('dali wip-fg'!A:A,F309,'dali wip-fg'!F:F) -> 1180 | I309: =SUM(G309:H309) -> 2937 | J309: =IF(I309="","",IF(I309<>I308,I309-B309,J308-B309) ) -> 489 | N309: 17752-BZ130-H | P309: 17752-BZ130-H;A
A310: =ord!C310 -> 153366-1440 | B310: =ord!F310 -> 24 | C310: =ord!G310 -> 46247 | F310: =VLOOKUP(A310,N:P,3,0) -> 153366-1440;A | G310: =SUMIF('dali wip-fg'!A:A,A310,'dali wip-fg'!F:F) -> 180 | H310: =SUMIF('dali wip-fg'!A:A,F310,'dali wip-fg'!F:F) -> 631 | I310: =SUM(G310:H310) -> 811 | J310: =IF(I310="","",IF(I310<>I309,I310-B310,J309-B310) ) -> 787 | N310: 17878-54M10 | O310: F-RP | P310: 17878-54M10;A
A311: =ord!C311 -> 153366-1440 | B311: =ord!F311 -> 24 | C311: =ord!G311 -> 46249 | F311: =VLOOKUP(A311,N:P,3,0) -> 153366-1440;A | G311: =SUMIF('dali wip-fg'!A:A,A311,'dali wip-fg'!F:F) -> 180 | H311: =SUMIF('dali wip-fg'!A:A,F311,'dali wip-fg'!F:F) -> 631 | I311: =SUM(G311:H311) -> 811 | J311: =IF(I311="","",IF(I311<>I310,I311-B311,J310-B311) ) -> 763 | N311: 17878-77M00 | O311: F-RP | P311: 17878-77M00;A
A312: =ord!C312 -> 153366-1440 | B312: =ord!F312 -> 24 | C312: =ord!G312 -> 46251 | F312: =VLOOKUP(A312,N:P,3,0) -> 153366-1440;A | G312: =SUMIF('dali wip-fg'!A:A,A312,'dali wip-fg'!F:F) -> 180 | H312: =SUMIF('dali wip-fg'!A:A,F312,'dali wip-fg'!F:F) -> 631 | I312: =SUM(G312:H312) -> 811 | J312: =IF(I312="","",IF(I312<>I311,I312-B312,J311-B312) ) -> 739 | N312: 17879-77M00 | O312: F-RP | P312: 17879-77M00;A
...

Sheet dali wip-fg
A1: Material | B1: Plant | C1: Storage Location | D1: DF stor. loc. level | E1: Base Unit of Measure | F1: Unrestricted
A2: 97215052 | B2: 1200 | C2: 1201 | E2: PC | F2: 0
A3: 97235925 | B3: 1200 | C3: 1201 | E3: PC | F3: 1388
A4: 97235925 | B4: 1200 | C4: QC01 | E4: PC | F4: 480
A5: 97946549 | B5: 1200 | C5: 1201 | E5: PC | F5: 51
A6: 97946803 | B6: 1200 | C6: 1201 | E6: PC | F6: 0
A7: 1511720971 | B7: 1200 | C7: 1201 | E7: PC | F7: 10
A8: 1511720971 | B8: 1200 | C8: FG01 | E8: PC | F8: 60
A9: 1511720971 | B9: 1200 | C9: QC01 | E9: PC | F9: 204
A10: 6508817700 | B10: 1200 | C10: 1201 | E10: PC | F10: 67
A11: 7552008070 | B11: 1200 | C11: QC01 | E11: PC | F11: 30
A12: 7552296440 | B12: 1200 | C12: QC01 | E12: PC | F12: 115
A13: 7552296440 | B13: 1200 | C13: QC01 | E13: PC | F13: 55
... A35: 8983954210 | B35: 1200 | C35: FG01 | E35: PC | F35: 1500
A36: 0317-39-040;A | B36: 1200 | C36: QC01 | E36: PC | F36: 80
A37: 0317-39-050;A | B37: 1200 | C37: 1201 | E37: PC | F37: 88
A38: 10060-13980;A | B38: 1200 | C38: FG01 | E38: PC | F38: 1120
A39: 109337-0170 | B39: 1200 | C39: QC01 | E39: PC | F39: 6
A40: 109337-0170 | B40: 1200 | C40: PP01 | E40: PC | F40: 72
A41: 109337-0170 | B41: 1200 | C41: PP01 | E41: PC | F41: 216
A42: 109337-0170;A | B42: 1200 | C42: PP01 | E42: PC | F42: 1128
A43: 109337-0170;A | B43: 1200 | C43: 1201 | E43: PC | F43: 446
A44: 1093A044 | B44: 1200 | C44: QC01 | E44: PC | F44: 8
A45: 1093A044;A | B45: 1200 | C45: PP01 | E45: PC | F45: 186
A46: 1093A088 | B46: 1200 | C46: PSJ1 | E46: PC | F46: 100
A47: 1093A088;A | B47: 1200 | C47: QC01 | E47: PC | F47: 4
... A828: M-AFS-IRCT01 | B828: 1200 | C828: QC01 | E828: PC | F828: 1
A829: M9731-472-0B;A | B829: 1200 | E829: PC | F829: 63
A830: MB007023 | B830: 1200 | E830: PC | F830: 113
A831: MB111253 | B831: 1200 | E831: PC | F831: 115
A832: MB436365 | B832: 1200 | E832: PC | F832: 97
A833: MB436578;A | B833: 1200 | E833: PC | F833: 120
A834: MB513336 | B834: 1200 | E834: PC | F834: 3
A835: MB513386 | B835: 1200 | E835: PC | F835: 0
A836: MB513387 | B836: 1200 | E836: PC | F836: 106
A837: MB538926 | B837: 1200 | C837: PP01 | E837: PC | F837: 486
A838: MC421202 | B838: 1200 | E838: PC | F838: 1
A839: MC421202;A | B839: 1200 | C839: QC01 | E839: PC | F839: 42
A840: MD703280;A | B840: 1200 | C840: 1201 | E840: PC | F840: 428
A841: MN135024 | B841: 1200 | C841: 1201 | E841: PC | F841: 1
A842: MN135024;A | B842: 1200 | C842: 1201 | E842: PC | F842: 11
A843: MN135024/682;B | B843: 1200 | C843: PP01 | E843: PC | F843: 23
A844: MN135025;A | B844: 1200 | C844: PP01 | E844: PC | F844: 76
A845: MN135027 | B845: 1200 | C845: 1201 | E845: PC | F845: 15
A846: MN135027;A | B846: 1200 | C846: 1201 | E846: PC | F846: 339
A847: MN135027/683;B | B847: 1200 | C847: 1201 | E847: PC | F847: 45
A848: MN135030;A | B848: 1200 | C848: 1201 | E848: PC | F848: 92
A849: MN135031;A | B849: 1200 | C849: 1201 | E849: PC | F849: 48
A850: MN171012 | B850: 1200 | C850: PP01 | E850: PC | F850: 50
... A912: MR992670;A | B912: 1200 | C912: QC01 | E912: PC | F912: 147
A913: MR992703 | B913: 1200 | C913: QC01 | F913: 126
A914: MR992703;A | B914: 1200 | C914: PP01 | F914: 3
A915: MR992706 | B915: 1200 | C915: QC01 | F915: 109
A916: MR992706;A | B916: 1200 | C916: 1201 | F916: 55
A917: MR992706;A | B917: 1200 | C917: 1201 | F917: 447
A918: MR992712 | B918: 1200 | C918: PP01 | F918: 2
A919: MR992712;A | B919: 1200 | C919: PSI1 | F919: 90
A920: MR992713 | B920: 1200 | C920: 1201 | F920: 4
A921: MR992713;A | B921: 1200 | C921: 1201 | F921: 455
A922: MR992714 | B922: 1200 | C922: PSI1 | F922: 56
A923: MR992714;A | B923: 1200 | C923: 1201 | F923: 2
A924: MR992717 | B924: 1200 | C924: PP01 | F924: 270
... A935: Z1C1-07681;A | B935: 1200 | C935: 1201 | F935: 578
B936: 1200 | C936: PP01
B937: 1200 | C937: PP01
B938: 1200 | C938: PP01

Sheet ord
A1: Customer | B1: Name | C1: SAP Mat. | D1: Cust.Mat. | E1: Base Qty | F1: Outstd.Base Qty | G1: Dlv. Date | H1: On Hand | I1: Wait Ins.(Unr) | J1: Group | K1: Create Date | L1: Order | S1: check | V1: semi | W1: fg | X1: wip | Y1: total | Z1: Balance
A2: 0000100013 | B2: ASIAN HONDA MOTOR CO.,LTD | C2: 73525-SWA-0000 | D2: 73525SWA000 spacer (60x1:8cyc | E2: 20 | F2: 20 | G2: 46241 | H2: 17 | I2: 0 | J2: F-PUNCH | K2: 46219 | L2: 0002240801 | S2: =VLOOKUP(C2,'check dali wipday'!A:A,1,0) -> #N/A | V2: =VLOOKUP(C2,'check dali wipday'!A:C,3,0) -> #N/A | W2: =SUMIF('dali wip-fg'!A:A,C2,'dali wip-fg'!F:F) -> 17 | X2: =SUMIF('dali wip-fg'!A:A,V2,'dali wip-fg'!F:F) -> 0 | Y2: =SUM(W2:X2) -> 17 | Z2: =IF(Y2="","",IF(Y2<>Y1,Y2-F2,Z1-F2) ) -> -3
A3: 0000100013 | B3: ASIAN HONDA MOTOR CO.,LTD | C3: 75800-SNLA-T102 | D3: 75800SNLT00 mud guard R FR | E3: 12 | F3: 5 | G3: 46248 | H3: 0 | I3: 0 | J3: F-RP | K3: 46219 | L3: 0002240813 | S3: =VLOOKUP(C3,'check dali wipday'!A:A,1,0) -> 75800-SNLA-T102 | V3: =VLOOKUP(C3,'check dali wipday'!A:C,3,0) -> 75800-SNLA-T102;A | W3: =SUMIF('dali wip-fg'!A:A,C3,'dali wip-fg'!F:F) -> 0 | X3: =SUMIF('dali wip-fg'!A:A,V3,'dali wip-fg'!F:F) -> 247 | Y3: =SUM(W3:X3) -> 247 | Z3: =IF(Y3="","",IF(Y3<>Y2,Y3-F3,Z2-F3) ) -> 242
A4: 0000100013 | B4: ASIAN HONDA MOTOR CO.,LTD | C4: 75800-SNLA-T102 | D4: 75800SNLT00 mud guard R FR | E4: 4 | F4: 4 | G4: 46248 | H4: 0 | I4: 0 | J4: F-RP | K4: 46219 | L4: 0002240815 | S4: =VLOOKUP(C4,'check dali wipday'!A:A,1,0) -> 75800-SNLA-T102 | V4: =VLOOKUP(C4,'check dali wipday'!A:C,3,0) -> 75800-SNLA-T102;A | W4: =SUMIF('dali wip-fg'!A:A,C4,'dali wip-fg'!F:F) -> 0 | X4: =SUMIF('dali wip-fg'!A:A,V4,'dali wip-fg'!F:F) -> 247 | Y4: =SUM(W4:X4) -> 247 | Z4: =IF(Y4="","",IF(Y4<>Y3,Y4-F4,Z3-F4) ) -> 238
A5: 0000100013 | B5: ASIAN HONDA MOTOR CO.,LTD | C5: 75800-SNLA-T102 | D5: 75800SNLT00 mud guard R FR | E5: 4 | F5: 4 | G5: 46255 | H5: 0 | I5: 0 | J5: F-RP | K5: 46219 | L5: 0002240821 | S5: =VLOOKUP(C5,'check dali wipday'!A:A,1,0) -> 75800-SNLA-T102 | V5: =VLOOKUP(C5,'check dali wipday'!A:C,3,0) -> 75800-SNLA-T102;A | W5: =SUMIF('dali wip-fg'!A:A,C5,'dali wip-fg'!F:F) -> 0 | X5: =SUMIF('dali wip-fg'!A:A,V5,'dali wip-fg'!F:F) -> 247 | Y5: =SUM(W5:X5) -> 247 | Z5: =IF(Y5="","",IF(Y5<>Y4,Y5-F5,Z4-F5) ) -> 234
A6: 0000100013 | B6: ASIAN HONDA MOTOR CO.,LTD | C6: 75800-SNLA-T102 | D6: 75800SNLT00 mud guard R FR | E6: 4 | F6: 4 | G6: 46262 | H6: 0 | I6: 0 | J6: F-RP | K6: 46219 | L6: 0002240826 | S6: =VLOOKUP(C6,'check dali wipday'!A:A,1,0) -> 75800-SNLA-T102 | V6: =VLOOKUP(C6,'check dali wipday'!A:C,3,0) -> 75800-SNLA-T102;A | W6: =SUMIF('dali wip-fg'!A:A,C6,'dali wip-fg'!F:F) -> 0 | X6: =SUMIF('dali wip-fg'!A:A,V6,'dali wip-fg'!F:F) -> 247 | Y6: =SUM(W6:X6) -> 247 | Z6: =IF(Y6="","",IF(Y6<>Y5,Y6-F6,Z5-F6) ) -> 230
A7: 0000100013 | B7: ASIAN HONDA MOTOR CO.,LTD | C7: 75810-SNLA-T102 | D7: 75810SNLT00 mud guard L FR | E7: 3 | F7: 3 | G7: 46255 | H7: 0 | I7: 0 | J7: F-RP | K7: 46219 | L7: 0002240821 | S7: =VLOOKUP(C7,'check dali wipday'!A:A,1,0) -> 75810-SNLA-T102 | V7: =VLOOKUP(C7,'check dali wipday'!A:C,3,0) -> 75810-SNLA-T102;A | W7: =SUMIF('dali wip-fg'!A:A,C7,'dali wip-fg'!F:F) -> 0 | X7: =SUMIF('dali wip-fg'!A:A,V7,'dali wip-fg'!F:F) -> 174 | Y7: =SUM(W7:X7) -> 174 | Z7: =IF(Y7="","",IF(Y7<>Y6,Y7-F7,Z6-F7) ) -> 171
A8: 0000100013 | B8: ASIAN HONDA MOTOR CO.,LTD | C8: 75810-SNLA-T102 | D8: 75810SNLT00 mud guard L FR | E8: 3 | F8: 3 | G8: 46262 | H8: 0 | I8: 0 | J8: F-RP | K8: 46219 | L8: 0002240826 | S8: =VLOOKUP(C8,'check dali wipday'!A:A,1,0) -> 75810-SNLA-T102 | V8: =VLOOKUP(C8,'check dali wipday'!A:C,3,0) -> 75810-SNLA-T102;A | W8: =SUMIF('dali wip-fg'!A:A,C8,'dali wip-fg'!F:F) -> 0 | X8: =SUMIF('dali wip-fg'!A:A,V8,'dali wip-fg'!F:F) -> 174 | Y8: =SUM(W8:X8) -> 174 | Z8: =IF(Y8="","",IF(Y8<>Y7,Y8-F8,Z7-F8) ) -> 168
A9: 0000100013 | B9: ASIAN HONDA MOTOR CO.,LTD | C9: 75830-SNLA-T101 | D9: 75830SNLT00 mud guard l rr | E9: 3 | F9: 2 | G9: 46255 | H9: 0 | I9: 0 | J9: F-RP | K9: 46219 | L9: 0002240821 | S9: =VLOOKUP(C9,'check dali wipday'!A:A,1,0) -> 75830-SNLA-T101 | V9: =VLOOKUP(C9,'check dali wipday'!A:C,3,0) -> 75830-SNLA-T101;A | W9: =SUMIF('dali wip-fg'!A:A,C9,'dali wip-fg'!F:F) -> 0 | X9: =SUMIF('dali wip-fg'!A:A,V9,'dali wip-fg'!F:F) -> 45 | Y9: =SUM(W9:X9) -> 45 | Z9: =IF(Y9="","",IF(Y9<>Y8,Y9-F9,Z8-F9) ) -> 43
A10: 0000100013 | B10: ASIAN HONDA MOTOR CO.,LTD | C10: 75830-SNLA-T101 | D10: 75830SNLT00 mud guard l rr | E10: 3 | F10: 3 | G10: 46262 | H10: 0 | I10: 0 | J10: F-RP | K10: 46219 | L10: 0002240826 | S10: =VLOOKUP(C10,'check dali wipday'!A:A,1,0) -> 75830-SNLA-T101 | V10: =VLOOKUP(C10,'check dali wipday'!A:C,3,0) -> 75830-SNLA-T101;A | W10: =SUMIF('dali wip-fg'!A:A,C10,'dali wip-fg'!F:F) -> 0 | X10: =SUMIF('dali wip-fg'!A:A,V10,'dali wip-fg'!F:F) -> 45 | Y10: =SUM(W10:X10) -> 45 | Z10: =IF(Y10="","",IF(Y10<>Y9,Y10-F10,Z9-F10) ) -> 40
A11: 0000100029 | B11: DAIKIN INDUSTRIES(THAILAND) LTD. | C11: 4PB30948-1 | D11: 4PB30948-1A INSULATION MATERI | E11: 500 | F11: 500 | G11: 46248 | H11: 500 | I11: 295 | J11: F-RP | K11: 46241 | L11: 0002247295 | S11: =VLOOKUP(C11,'check dali wipday'!A:A,1,0) -> 4PB30948-1 | V11: =VLOOKUP(C11,'check dali wipday'!A:C,3,0) -> 205X210-C60;A | W11: =SUMIF('dali wip-fg'!A:A,C11,'dali wip-fg'!F:F) -> 500 | X11: =SUMIF('dali wip-fg'!A:A,V11,'dali wip-fg'!F:F) -> 64 | Y11: =SUM(W11:X11) -> 564 | Z11: =IF(Y11="","",IF(Y11<>Y10,Y11-F11,Z10-F11) ) -> 64
A12: 0000100039 | B12: FUKUI KASEI (THAILAND)CO.,LTD. | C12: 1G957-1452-1 | D12: 1G957-1452-1 Gasket (2x2x1;6C | E12: 2000 | F12: 2000 | G12: 46253 | H12: 6000 | I12: 3251 | J12: F-RP | K12: 46210 | L12: 0002237964 | S12: =VLOOKUP(C12,'check dali wipday'!A:A,1,0) -> 1G957-1452-1 | V12: =VLOOKUP(C12,'check dali wipday'!A:C,3,0) -> 1G957-1452-1;A | W12: =SUMIF('dali wip-fg'!A:A,C12,'dali wip-fg'!F:F) -> 6000 | X12: =SUMIF('dali wip-fg'!A:A,V12,'dali wip-fg'!F:F) -> 1020 | Y12: =SUM(W12:X12) -> 7020 | Z12: =IF(Y12="","",IF(Y12<>Y11,Y12-F12,Z11-F12) ) -> 5020
A13: 0000100048 | B13: HONDA AUTOMOBILE (THAILAND) | C13: 1J630-69F-A000 | D13: 1J630-69F -A000 DUCT B,IPU IN | E13: 60 | F13: 60 | G13: 46248 | H13: 342 | I13: 510 | J13: F-RP | K13: 46234 | L13: 0002245041 | S13: =VLOOKUP(C13,'check dali wipday'!A:A,1,0) -> 1J630-69F-A000 | V13: =VLOOKUP(C13,'check dali wipday'!A:C,3,0) -> 1J630-69F-A000;A | W13: =SUMIF('dali wip-fg'!A:A,C13,'dali wip-fg'!F:F) -> 762 | X13: =SUMIF('dali wip-fg'!A:A,V13,'dali wip-fg'!F:F) -> 1215 | Y13: =SUM(W13:X13) -> 1977 | Z13: =IF(Y13="","",IF(Y13<>Y12,Y13-F13,Z12-F13) ) -> 1917
... A93: 0000100056 | B93: ISUZU MOTORS CO., (THAILAND) LTD. | C93: 5JX2228990 | D93: 898278-8110 DUCT ASM;A/CL OTL | E93: 45 | F93: 45 | G93: 46256 | H93: 59 | I93: 0 | J93: F-RP | K93: 46241 | L93: 0002247118 | S93: =VLOOKUP(C93,'check dali wipday'!A:A,1,0) -> 5JX2228990 | V93: =VLOOKUP(C93,'check dali wipday'!A:C,3,0) -> 5JX2228990;A | W93: =SUMIF('dali wip-fg'!A:A,C93,'dali wip-fg'!F:F) -> 89 | X93: =SUMIF('dali wip-fg'!A:A,V93,'dali wip-fg'!F:F) -> 1404 | Y93: =SUM(W93:X93) -> 1493 | Z93: =IF(Y93="","",IF(Y93<>Y92,Y93-F93,Z92-F93) ) -> 1013
A94: 0000100056 | B94: ISUZU MOTORS CO., (THAILAND) LTD. | C94: 8983943812 | D94: 8983943812 DUCT ASM;A/CL OTLT | E94: 45 | F94: 45 | G94: 46245 | H94: 114 | I94: 0 | J94: F-RP | K94: 46227 | L94: 0002243252 | S94: =VLOOKUP(C94,'check dali wipday'!A:A,1,0) -> 8983943812 | V94: =VLOOKUP(C94,'check dali wipday'!A:C,3,0) -> 8983943810;A | W94: =SUMIF('dali wip-fg'!A:A,C94,'dali wip-fg'!F:F) -> 194 | X94: =SUMIF('dali wip-fg'!A:A,V94,'dali wip-fg'!F:F) -> 1478 | Y94: =SUM(W94:X94) -> 1672 | Z94: =IF(Y94="","",IF(Y94<>Y93,Y94-F94,Z93-F94) ) -> 1627
A95: 0000100056 | B95: ISUZU MOTORS CO., (THAILAND) LTD. | C95: 8983943812 | D95: 8983943812 DUCT ASM;A/CL OTLT | E95: 60 | F95: 60 | G95: 46245 | H95: 114 | I95: 0 | J95: F-RP | K95: 46227 | L95: 0002243253 | S95: =VLOOKUP(C95,'check dali wipday'!A:A,1,0) -> 8983943812 | V95: =VLOOKUP(C95,'check dali wipday'!A:C,3,0) -> 8983943810;A | W95: =SUMIF('dali wip-fg'!A:A,C95,'dali wip-fg'!F:F) -> 194 | X95: =SUMIF('dali wip-fg'!A:A,V95,'dali wip-fg'!F:F) -> 1478 | Y95: =SUM(W95:X95) -> 1672 | Z95: =IF(Y95="","",IF(Y95<>Y94,Y95-F95,Z94-F95) ) -> 1567
A96: 0000100056 | B96: ISUZU MOTORS CO., (THAILAND) LTD. | C96: 8983943812 | D96: 8983943812 DUCT ASM;A/CL OTLT | E96: 30 | F96: 30 | G96: 46246 | H96: 114 | I96: 0 | J96: F-RP | K96: 46227 | L96: 0002243254 | S96: =VLOOKUP(C96,'check dali wipday'!A:A,1,0) -> 8983943812 | V96: =VLOOKUP(C96,'check dali wipday'!A:C,3,0) -> 8983943810;A | W96: =SUMIF('dali wip-fg'!A:A,C96,'dali wip-fg'!F:F) -> 194 | X96: =SUMIF('dali wip-fg'!A:A,V96,'dali wip-fg'!F:F) -> 1478 | Y96: =SUM(W96:X96) -> 1672 | Z96: =IF(Y96="","",IF(Y96<>Y95,Y96-F96,Z95-F96) ) -> 1537
A97: 0000100056 | B97: ISUZU MOTORS CO., (THAILAND) LTD. | C97: 8983943812 | D97: 8983943812 DUCT ASM;A/CL OTLT | E97: 45 | F97: 45 | G97: 46246 | H97: 114 | I97: 0 | J97: F-RP | K97: 46227 | L97: 0002243255 | S97: =VLOOKUP(C97,'check dali wipday'!A:A,1,0) -> 8983943812 | V97: =VLOOKUP(C97,'check dali wipday'!A:C,3,0) -> 8983943810;A | W97: =SUMIF('dali wip-fg'!A:A,C97,'dali wip-fg'!F:F) -> 194 | X97: =SUMIF('dali wip-fg'!A:A,V97,'dali wip-fg'!F:F) -> 1478 | Y97: =SUM(W97:X97) -> 1672 | Z97: =IF(Y97="","",IF(Y97<>Y96,Y97-F97,Z96-F97) ) -> 1492
A98: 0000100056 | B98: ISUZU MOTORS CO., (THAILAND) LTD. | C98: 8983943812 | D98: 8983943812 DUCT ASM;A/CL OTLT | E98: 45 | F98: 45 | G98: 46247 | H98: 114 | I98: 0 | J98: F-RP | K98: 46227 | L98: 0002243256 | S98: =VLOOKUP(C98,'check dali wipday'!A:A,1,0) -> 8983943812 | V98: =VLOOKUP(C98,'check dali wipday'!A:C,3,0) -> 8983943810;A | W98: =SUMIF('dali wip-fg'!A:A,C98,'dali wip-fg'!F:F) -> 194 | X98: =SUMIF('dali wip-fg'!A:A,V98,'dali wip-fg'!F:F) -> 1478 | Y98: =SUM(W98:X98) -> 1672 | Z98: =IF(Y98="","",IF(Y98<>Y97,Y98-F98,Z97-F98) ) -> 1447
A99: 0000100056 | B99: ISUZU MOTORS CO., (THAILAND) LTD. | C99: 8983943812 | D99: 8983943812 DUCT ASM;A/CL OTLT | E99: 45 | F99: 45 | G99: 46247 | H99: 114 | I99: 0 | J99: F-RP | K99: 46227 | L99: 0002243257 | S99: =VLOOKUP(C99,'check dali wipday'!A:A,1,0) -> 8983943812 | V99: =VLOOKUP(C99,'check dali wipday'!A:C,3,0) -> 8983943810;A | W99: =SUMIF('dali wip-fg'!A:A,C99,'dali wip-fg'!F:F) -> 194 | X99: =SUMIF('dali wip-fg'!A:A,V99,'dali wip-fg'!F:F) -> 1478 | Y99: =SUM(W99:X99) -> 1672 | Z99: =IF(Y99="","",IF(Y99<>Y98,Y99-F99,Z98-F99) ) -> 1402
A100: 0000100056 | B100: ISUZU MOTORS CO., (THAILAND) LTD. | C100: 8983943812 | D100: 8983943812 DUCT ASM;A/CL OTLT | E100: 45 | F100: 45 | G100: 46248 | H100: 114 | I100: 0 | J100: F-RP | K100: 46227 | L100: 0002243258 | S100: =VLOOKUP(C100,'check dali wipday'!A:A,1,0) -> 8983943812 | V100: =VLOOKUP(C100,'check dali wipday'!A:C,3,0) -> 8983943810;A | W100: =SUMIF('dali wip-fg'!A:A,C100,'dali wip-fg'!F:F) -> 194 | X100: =SUMIF('dali wip-fg'!A:A,V100,'dali wip-fg'!F:F) -> 1478 | Y100: =SUM(W100:X100) -> 1672 | Z100: =IF(Y100="","",IF(Y100<>Y99,Y100-F100,Z99-F100) ) -> 1357
A101: 0000100056 | B101: ISUZU MOTORS CO., (THAILAND) LTD. | C101: 8983943812 | D101: 8983943812 DUCT ASM;A/CL OTLT | E101: 30 | F101: 30 | G101: 46248 | H101: 114 | I101: 0 | J101: F-RP | K101: 46227 | L101: 0002243259 | S101: =VLOOKUP(C101,'check dali wipday'!A:A,1,0) -> 8983943812 | V101: =VLOOKUP(C101,'check dali wipday'!A:C,3,0) -> 8983943810;A | W101: =SUMIF('dali wip-fg'!A:A,C101,'dali wip-fg'!F:F) -> 194 | X101: =SUMIF('dali wip-fg'!A:A,V101,'dali wip-fg'!F:F) -> 1478 | Y101: =SUM(W101:X101) -> 1672 | Z101: =IF(Y101="","",IF(Y101<>Y100,Y101-F101,Z100-F101) ) -> 1327
A102: 0000100056 | B102: ISUZU MOTORS CO., (THAILAND) LTD. | C102: 8983943812 | D102: 8983943812 DUCT ASM;A/CL OTLT | E102: 75 | F102: 75 | G102: 46249 | H102: 114 | I102: 0 | J102: F-RP | K102: 46227 | L102: 0002243260 | S102: =VLOOKUP(C102,'check dali wipday'!A:A,1,0) -> 8983943812 | V102: =VLOOKUP(C102,'check dali wipday'!A:C,3,0) -> 8983943810;A | W102: =SUMIF('dali wip-fg'!A:A,C102,'dali wip-fg'!F:F) -> 194 | X102: =SUMIF('dali wip-fg'!A:A,V102,'dali wip-fg'!F:F) -> 1478 | Y102: =SUM(W102:X102) -> 1672 | Z102: =IF(Y102="","",IF(Y102<>Y101,Y102-F102,Z101-F102) ) -> 1252
A103: 0000100056 | B103: ISUZU MOTORS CO., (THAILAND) LTD. | C103: 8983943812 | D103: 8983943812 DUCT ASM;A/CL OTLT | E103: 30 | F103: 30 | G103: 46249 | H103: 114 | I103: 0 | J103: F-RP | K103: 46227 | L103: 0002243261 | S103: =VLOOKUP(C103,'check dali wipday'!A:A,1,0) -> 8983943812 | V103: =VLOOKUP(C103,'check dali wipday'!A:C,3,0) -> 8983943810;A | W103: =SUMIF('dali wip-fg'!A:A,C103,'dali wip-fg'!F:F) -> 194 | X103: =SUMIF('dali wip-fg'!A:A,V103,'dali wip-fg'!F:F) -> 1478 | Y103: =SUM(W103:X103) -> 1672 | Z103: =IF(Y103="","",IF(Y103<>Y102,Y103-F103,Z102-F103) ) -> 1222
A104: 0000100056 | B104: ISUZU MOTORS CO., (THAILAND) LTD. | C104: 8983943812 | D104: 8983943812 DUCT ASM;A/CL OTLT | E104: 45 | F104: 45 | G104: 46250 | H104: 114 | I104: 0 | J104: F-RP | K104: 46227 | L104: 0002243262 | S104: =VLOOKUP(C104,'check dali wipday'!A:A,1,0) -> 8983943812 | V104: =VLOOKUP(C104,'check dali wipday'!A:C,3,0) -> 8983943810;A | W104: =SUMIF('dali wip-fg'!A:A,C104,'dali wip-fg'!F:F) -> 194 | X104: =SUMIF('dali wip-fg'!A:A,V104,'dali wip-fg'!F:F) -> 1478 | Y104: =SUM(W104:X104) -> 1672 | Z104: =IF(Y104="","",IF(Y104<>Y103,Y104-F104,Z103-F104) ) -> 1177
A105: 0000100056 | B105: ISUZU MOTORS CO., (THAILAND) LTD. | C105: 8983943812 | D105: 8983943812 DUCT ASM;A/CL OTLT | E105: 15 | F105: 15 | G105: 46251 | H105: 114 | I105: 0 | J105: F-RP | K105: 46241 | L105: 0002247108 | S105: =VLOOKUP(C105,'check dali wipday'!A:A,1,0) -> 8983943812 | V105: =VLOOKUP(C105,'check dali wipday'!A:C,3,0) -> 8983943810;A | W105: =SUMIF('dali wip-fg'!A:A,C105,'dali wip-fg'!F:F) -> 194 | X105: =SUMIF('dali wip-fg'!A:A,V105,'dali wip-fg'!F:F) -> 1478 | Y105: =SUM(W105:X105) -> 1672 | Z105: =IF(Y105="","",IF(Y105<>Y104,Y105-F105,Z104-F105) ) -> 1162
... A157: 0000100056 | B157: ISUZU MOTORS CO., (THAILAND) LTD. | C157: 8983954210 | D157: 8983954210 RUBBER,BUMPER REAR | E157: 30 | F157: 30 | G157: 46255 | H157: 196 | I157: 0 | J157: F-EM | K157: 46241 | L157: 0002247116 | S157: =VLOOKUP(C157,'check dali wipday'!A:A,1,0) -> 8983954210 | V157: =VLOOKUP(C157,'check dali wipday'!A:C,3,0) -> 8983954210;A | W157: =SUMIF('dali wip-fg'!A:A,C157,'dali wip-fg'!F:F) -> 1696 | X157: =SUMIF('dali wip-fg'!A:A,V157,'dali wip-fg'!F:F) -> 5388 | Y157: =SUM(W157:X157) -> 7084 | Z157: =IF(Y157="","",IF(Y157<>Y156,Y157-F157,Z156-F157) ) -> 7024
A158: 0000100057 | B158: ISUZU ENGINE MANUFACTURING | C158: 897361-8110 | D158: 897361-8111 MOUNTING:RUB (100 | E158: 210 | F158: 210 | G158: 46248 | H158: 11410 | I158: 1932 | J158: F-RPM | K158: 46244 | L158: 0002247623 | S158: =VLOOKUP(C158,'check dali wipday'!A:A,1,0) -> 897361-8110 | V158: =VLOOKUP(C158,'check dali wipday'!A:C,3,0) -> 897361-8110;A | W158: =SUMIF('dali wip-fg'!A:A,C158,'dali wip-fg'!F:F) -> 11830 | X158: =SUMIF('dali wip-fg'!A:A,V158,'dali wip-fg'!F:F) -> 192 | Y158: =SUM(W158:X158) -> 12022 | Z158: =IF(Y158="","",IF(Y158<>Y157,Y158-F158,Z157-F158) ) -> 11812
A159: 0000100057 | B159: ISUZU ENGINE MANUFACTURING | C159: 897361-8110 | D159: 897361-8111 MOUNTING:RUB (100 | E159: 210 | F159: 210 | G159: 46249 | H159: 11410 | I159: 1932 | J159: F-RPM | K159: 46245 | L159: 0002247977 | S159: =VLOOKUP(C159,'check dali wipday'!A:A,1,0) -> 897361-8110 | V159: =VLOOKUP(C159,'check dali wipday'!A:C,3,0) -> 897361-8110;A | W159: =SUMIF('dali wip-fg'!A:A,C159,'dali wip-fg'!F:F) -> 11830 | X159: =SUMIF('dali wip-fg'!A:A,V159,'dali wip-fg'!F:F) -> 192 | Y159: =SUM(W159:X159) -> 12022 | Z159: =IF(Y159="","",IF(Y159<>Y158,Y159-F159,Z158-F159) ) -> 11602
A160: 0000100058 | B160: ISUZU MOTORS CO., (THAILAND) LTD. | C160: 109337-0170 | D160: 109337-0170 RUBBER;MOUNTING ( | E160: 72 | F160: 72 | G160: 46247 | H160: 78 | I160: 0 | J160: F-RPM | K160: 46227 | L160: 0002243329 | S160: =VLOOKUP(C160,'check dali wipday'!A:A,1,0) -> 109337-0170 | V160: =VLOOKUP(C160,'check dali wipday'!A:C,3,0) -> 109337-0170;A | W160: =SUMIF('dali wip-fg'!A:A,C160,'dali wip-fg'!F:F) -> 294 | X160: =SUMIF('dali wip-fg'!A:A,V160,'dali wip-fg'!F:F) -> 1574 | Y160: =SUM(W160:X160) -> 1868 | Z160: =IF(Y160="","",IF(Y160<>Y159,Y160-F160,Z159-F160) ) -> 1796
A161: 0000100058 | B161: ISUZU MOTORS CO., (THAILAND) LTD. | C161: 109337-0170 | D161: 109337-0170 RUBBER;MOUNTING ( | E161: 72 | F161: 72 | G161: 46249 | H161: 78 | I161: 0 | J161: F-RPM | K161: 46227 | L161: 0002243331 | S161: =VLOOKUP(C161,'check dali wipday'!A:A,1,0) -> 109337-0170 | V161: =VLOOKUP(C161,'check dali wipday'!A:C,3,0) -> 109337-0170;A | W161: =SUMIF('dali wip-fg'!A:A,C161,'dali wip-fg'!F:F) -> 294 | X161: =SUMIF('dali wip-fg'!A:A,V161,'dali wip-fg'!F:F) -> 1574 | Y161: =SUM(W161:X161) -> 1868 | Z161: =IF(Y161="","",IF(Y161<>Y160,Y161-F161,Z160-F161) ) -> 1724
A162: 0000100058 | B162: ISUZU MOTORS CO., (THAILAND) LTD. | C162: 109337-0170 | D162: 109337-0170 RUBBER;MOUNTING ( | E162: 72 | F162: 72 | G162: 46251 | H162: 78 | I162: 0 | J162: F-RPM | K162: 46240 | L162: 0002246988 | S162: =VLOOKUP(C162,'check dali wipday'!A:A,1,0) -> 109337-0170 | V162: =VLOOKUP(C162,'check dali wipday'!A:C,3,0) -> 109337-0170;A | W162: =SUMIF('dali wip-fg'!A:A,C162,'dali wip-fg'!F:F) -> 294 | X162: =SUMIF('dali wip-fg'!A:A,V162,'dali wip-fg'!F:F) -> 1574 | Y162: =SUM(W162:X162) -> 1868 | Z162: =IF(Y162="","",IF(Y162<>Y161,Y162-F162,Z161-F162) ) -> 1652
A163: 0000100058 | B163: ISUZU MOTORS CO., (THAILAND) LTD. | C163: 109337-0170 | D163: 109337-0170 RUBBER;MOUNTING ( | E163: 72 | F163: 72 | G163: 46252 | H163: 78 | I163: 0 | J163: F-RPM | K163: 46240 | L163: 0002246989 | S163: =VLOOKUP(C163,'check dali wipday'!A:A,1,0) -> 109337-0170 | V163: =VLOOKUP(C163,'check dali wipday'!A:C,3,0) -> 109337-0170;A | W163: =SUMIF('dali wip-fg'!A:A,C163,'dali wip-fg'!F:F) -> 294 | X163: =SUMIF('dali wip-fg'!A:A,V163,'dali wip-fg'!F:F) -> 1574 | Y163: =SUM(W163:X163) -> 1868 | Z163: =IF(Y163="","",IF(Y163<>Y162,Y163-F163,Z162-F163) ) -> 1580
A164: 0000100058 | B164: ISUZU MOTORS CO., (THAILAND) LTD. | C164: 109337-0170 | D164: 109337-0170 RUBBER;MOUNTING ( | E164: 72 | F164: 72 | G164: 46253 | H164: 78 | I164: 0 | J164: F-RPM | K164: 46240 | L164: 0002246990 | S164: =VLOOKUP(C164,'check dali wipday'!A:A,1,0) -> 109337-0170 | V164: =VLOOKUP(C164,'check dali wipday'!A:C,3,0) -> 109337-0170;A | W164: =SUMIF('dali wip-fg'!A:A,C164,'dali wip-fg'!F:F) -> 294 | X164: =SUMIF('dali wip-fg'!A:A,V164,'dali wip-fg'!F:F) -> 1574 | Y164: =SUM(W164:X164) -> 1868 | Z164: =IF(Y164="","",IF(Y164<>Y163,Y164-F164,Z163-F164) ) -> 1508
A165: 0000100058 | B165: ISUZU MOTORS CO., (THAILAND) LTD. | C165: 109337-0170 | D165: 109337-0170 RUBBER;MOUNTING ( | E165: 72 | F165: 72 | G165: 46255 | H165: 78 | I165: 0 | J165: F-RPM | K165: 46240 | L165: 0002246992 | S165: =VLOOKUP(C165,'check dali wipday'!A:A,1,0) -> 109337-0170 | V165: =VLOOKUP(C165,'check dali wipday'!A:C,3,0) -> 109337-0170;A | W165: =SUMIF('dali wip-fg'!A:A,C165,'dali wip-fg'!F:F) -> 294 | X165: =SUMIF('dali wip-fg'!A:A,V165,'dali wip-fg'!F:F) -> 1574 | Y165: =SUM(W165:X165) -> 1868 | Z165: =IF(Y165="","",IF(Y165<>Y164,Y165-F165,Z164-F165) ) -> 1436
A166: 0000100058 | B166: ISUZU MOTORS CO., (THAILAND) LTD. | C166: 122159-0940 | D166: 122159-0940 SUPPORT RUBBER (9 | E166: 240 | F166: 240 | G166: 46247 | H166: 132 | I166: 215 | J166: F-RPM | K166: 46227 | L166: 0002243329 | S166: =VLOOKUP(C166,'check dali wipday'!A:A,1,0) -> 122159-0940 | V166: =VLOOKUP(C166,'check dali wipday'!A:C,3,0) -> 122159-0940;A | W166: =SUMIF('dali wip-fg'!A:A,C166,'dali wip-fg'!F:F) -> 516 | X166: =SUMIF('dali wip-fg'!A:A,V166,'dali wip-fg'!F:F) -> 3069 | Y166: =SUM(W166:X166) -> 3585 | Z166: =IF(Y166="","",IF(Y166<>Y165,Y166-F166,Z165-F166) ) -> 3345
A167: 0000100058 | B167: ISUZU MOTORS CO., (THAILAND) LTD. | C167: 122159-0940 | D167: 122159-0940 SUPPORT RUBBER (9 | E167: 120 | F167: 120 | G167: 46249 | H167: 132 | I167: 215 | J167: F-RPM | K167: 46227 | L167: 0002243331 | S167: =VLOOKUP(C167,'check dali wipday'!A:A,1,0) -> 122159-0940 | V167: =VLOOKUP(C167,'check dali wipday'!A:C,3,0) -> 122159-0940;A | W167: =SUMIF('dali wip-fg'!A:A,C167,'dali wip-fg'!F:F) -> 516 | X167: =SUMIF('dali wip-fg'!A:A,V167,'dali wip-fg'!F:F) -> 3069 | Y167: =SUM(W167:X167) -> 3585 | Z167: =IF(Y167="","",IF(Y167<>Y166,Y167-F167,Z166-F167) ) -> 3225
A168: 0000100058 | B168: ISUZU MOTORS CO., (THAILAND) LTD. | C168: 122159-0940 | D168: 122159-0940 SUPPORT RUBBER (9 | E168: 240 | F168: 240 | G168: 46251 | H168: 132 | I168: 215 | J168: F-RPM | K168: 46240 | L168: 0002246988 | S168: =VLOOKUP(C168,'check dali wipday'!A:A,1,0) -> 122159-0940 | V168: =VLOOKUP(C168,'check dali wipday'!A:C,3,0) -> 122159-0940;A | W168: =SUMIF('dali wip-fg'!A:A,C168,'dali wip-fg'!F:F) -> 516 | X168: =SUMIF('dali wip-fg'!A:A,V168,'dali wip-fg'!F:F) -> 3069 | Y168: =SUM(W168:X168) -> 3585 | Z168: =IF(Y168="","",IF(Y168<>Y167,Y168-F168,Z167-F168) ) -> 2985
A169: 0000100058 | B169: ISUZU MOTORS CO., (THAILAND) LTD. | C169: 122159-0940 | D169: 122159-0940 SUPPORT RUBBER (9 | E169: 120 | F169: 120 | G169: 46252 | H169: 132 | I169: 215 | J169: F-RPM | K169: 46240 | L169: 0002246989 | S169: =VLOOKUP(C169,'check dali wipday'!A:A,1,0) -> 122159-0940 | V169: =VLOOKUP(C169,'check dali wipday'!A:C,3,0) -> 122159-0940;A | W169: =SUMIF('dali wip-fg'!A:A,C169,'dali wip-fg'!F:F) -> 516 | X169: =SUMIF('dali wip-fg'!A:A,V169,'dali wip-fg'!F:F) -> 3069 | Y169: =SUM(W169:X169) -> 3585 | Z169: =IF(Y169="","",IF(Y169<>Y168,Y169-F169,Z168-F169) ) -> 2865
... A183: 0000100058 | B183: ISUZU MOTORS CO., (THAILAND) LTD. | C183: 153366-1380 | D183: 153366-1380 SEAT ; BODY FRT S | E183: 24 | F183: 24 | G183: 46255 | H183: 24 | I183: 6 | J183: F-EM | K183: 46240 | L183: 0002246992 | S183: =VLOOKUP(C183,'check dali wipday'!A:A,1,0) -> 153366-1380 | V183: =VLOOKUP(C183,'check dali wipday'!A:C,3,0) -> 153366-1380;A | W183: =SUMIF('dali wip-fg'!A:A,C183,'dali wip-fg'!F:F) -> 144 | X183: =SUMIF('dali wip-fg'!A:A,V183,'dali wip-fg'!F:F) -> 316 | Y183: =SUM(W183:X183) -> 460 | Z183: =IF(Y183="","",IF(Y183<>Y182,Y183-F183,Z182-F183) ) -> 316
A184: 0000100058 | B184: ISUZU MOTORS CO., (THAILAND) LTD. | C184: 7552296440 | D184: 7552296441 DUCT ASM;A/CL OTLT | E184: 15 | F184: 15 | G184: 46245 | H184: 115 | I184: 0 | J184: F-RP | K184: 46239 | L184: 0002246208 | S184: =VLOOKUP(C184,'check dali wipday'!A:A,1,0) -> 7552296440 | V184: =VLOOKUP(C184,'check dali wipday'!A:C,3,0) -> 7552296440;A | W184: =SUMIF('dali wip-fg'!A:A,C184,'dali wip-fg'!F:F) -> 170 | X184: =SUMIF('dali wip-fg'!A:A,V184,'dali wip-fg'!F:F) -> 1233 | Y184: =SUM(W184:X184) -> 1403 | Z184: =IF(Y184="","",IF(Y184<>Y183,Y184-F184,Z183-F184) ) -> 1388
A185: 0000100058 | B185: ISUZU MOTORS CO., (THAILAND) LTD. | C185: 7552296440 | D185: 7552296441 DUCT ASM;A/CL OTLT | E185: 15 | F185: 15 | G185: 46245 | H185: 115 | I185: 0 | J185: F-RP | K185: 46239 | L185: 0002246214 | S185: =VLOOKUP(C185,'check dali wipday'!A:A,1,0) -> 7552296440 | V185: =VLOOKUP(C185,'check dali wipday'!A:C,3,0) -> 7552296440;A | W185: =SUMIF('dali wip-fg'!A:A,C185,'dali wip-fg'!F:F) -> 170 | X185: =SUMIF('dali wip-fg'!A:A,V185,'dali wip-fg'!F:F) -> 1233 | Y185: =SUM(W185:X185) -> 1403 | Z185: =IF(Y185="","",IF(Y185<>Y184,Y185-F185,Z184-F185) ) -> 1373
A186: 0000100058 | B186: ISUZU MOTORS CO., (THAILAND) LTD. | C186: 7552296440 | D186: 7552296441 DUCT ASM;A/CL OTLT | E186: 15 | F186: 15 | G186: 46245 | H186: 115 | I186: 0 | J186: F-RP | K186: 46239 | L186: 0002246217 | S186: =VLOOKUP(C186,'check dali wipday'!A:A,1,0) -> 7552296440 | V186: =VLOOKUP(C186,'check dali wipday'!A:C,3,0) -> 7552296440;A | W186: =SUMIF('dali wip-fg'!A:A,C186,'dali wip-fg'!F:F) -> 170 | X186: =SUMIF('dali wip-fg'!A:A,V186,'dali wip-fg'!F:F) -> 1233 | Y186: =SUM(W186:X186) -> 1403 | Z186: =IF(Y186="","",IF(Y186<>Y185,Y186-F186,Z185-F186) ) -> 1358
A187: 0000100058 | B187: ISUZU MOTORS CO., (THAILAND) LTD. | C187: 7552296440 | D187: 7552296441 DUCT ASM;A/CL OTLT | E187: 15 | F187: 15 | G187: 46245 | H187: 115 | I187: 0 | J187: F-RP | K187: 46239 | L187: 0002246248 | S187: =VLOOKUP(C187,'check dali wipday'!A:A,1,0) -> 7552296440 | V187: =VLOOKUP(C187,'check dali wipday'!A:C,3,0) -> 7552296440;A | W187: =SUMIF('dali wip-fg'!A:A,C187,'dali wip-fg'!F:F) -> 170 | X187: =SUMIF('dali wip-fg'!A:A,V187,'dali wip-fg'!F:F) -> 1233 | Y187: =SUM(W187:X187) -> 1403 | Z187: =IF(Y187="","",IF(Y187<>Y186,Y187-F187,Z186-F187) ) -> 1343
A188: 0000100058 | B188: ISUZU MOTORS CO., (THAILAND) LTD. | C188: 7552296440 | D188: 7552296441 DUCT ASM;A/CL OTLT | E188: 30 | F188: 30 | G188: 46245 | H188: 115 | I188: 0 | J188: F-RP | K188: 46240 | L188: 0002246966 | S188: =VLOOKUP(C188,'check dali wipday'!A:A,1,0) -> 7552296440 | V188: =VLOOKUP(C188,'check dali wipday'!A:C,3,0) -> 7552296440;A | W188: =SUMIF('dali wip-fg'!A:A,C188,'dali wip-fg'!F:F) -> 170 | X188: =SUMIF('dali wip-fg'!A:A,V188,'dali wip-fg'!F:F) -> 1233 | Y188: =SUM(W188:X188) -> 1403 | Z188: =IF(Y188="","",IF(Y188<>Y187,Y188-F188,Z187-F188) ) -> 1313
A189: 0000100058 | B189: ISUZU MOTORS CO., (THAILAND) LTD. | C189: 7552296440 | D189: 7552296441 DUCT ASM;A/CL OTLT | E189: 30 | F189: 30 | G189: 46245 | H189: 115 | I189: 0 | J189: F-RP | K189: 46240 | L189: 0002246967 | S189: =VLOOKUP(C189,'check dali wipday'!A:A,1,0) -> 7552296440 | V189: =VLOOKUP(C189,'check dali wipday'!A:C,3,0) -> 7552296440;A | W189: =SUMIF('dali wip-fg'!A:A,C189,'dali wip-fg'!F:F) -> 170 | X189: =SUMIF('dali wip-fg'!A:A,V189,'dali wip-fg'!F:F) -> 1233 | Y189: =SUM(W189:X189) -> 1403 | Z189: =IF(Y189="","",IF(Y189<>Y188,Y189-F189,Z188-F189) ) -> 1283
A190: 0000100058 | B190: ISUZU MOTORS CO., (THAILAND) LTD. | C190: 7552296440 | D190: 7552296441 DUCT ASM;A/CL OTLT | E190: 15 | F190: 15 | G190: 46246 | H190: 115 | I190: 0 | J190: F-RP | K190: 46240 | L190: 0002246951 | S190: =VLOOKUP(C190,'check dali wipday'!A:A,1,0) -> 7552296440 | V190: =VLOOKUP(C190,'check dali wipday'!A:C,3,0) -> 7552296440;A | W190: =SUMIF('dali wip-fg'!A:A,C190,'dali wip-fg'!F:F) -> 170 | X190: =SUMIF('dali wip-fg'!A:A,V190,'dali wip-fg'!F:F) -> 1233 | Y190: =SUM(W190:X190) -> 1403 | Z190: =IF(Y190="","",IF(Y190<>Y189,Y190-F190,Z189-F190) ) -> 1268
A191: 0000100058 | B191: ISUZU MOTORS CO., (THAILAND) LTD. | C191: 7552296440 | D191: 7552296441 DUCT ASM;A/CL OTLT | E191: 15 | F191: 15 | G191: 46246 | H191: 115 | I191: 0 | J191: F-RP | K191: 46240 | L191: 0002246952 | S191: =VLOOKUP(C191,'check dali wipday'!A:A,1,0) -> 7552296440 | V191: =VLOOKUP(C191,'check dali wipday'!A:C,3,0) -> 7552296440;A | W191: =SUMIF('dali wip-fg'!A:A,C191,'dali wip-fg'!F:F) -> 170 | X191: =SUMIF('dali wip-fg'!A:A,V191,'dali wip-fg'!F:F) -> 1233 | Y191: =SUM(W191:X191) -> 1403 | Z191: =IF(Y191="","",IF(Y191<>Y190,Y191-F191,Z190-F191) ) -> 1253
A192: 0000100058 | B192: ISUZU MOTORS CO., (THAILAND) LTD. | C192: 7552296440 | D192: 7552296441 DUCT ASM;A/CL OTLT | E192: 10 | F192: 10 | G192: 46246 | H192: 115 | I192: 0 | J192: F-RP | K192: 46240 | L192: 0002246985 | S192: =VLOOKUP(C192,'check dali wipday'!A:A,1,0) -> 7552296440 | V192: =VLOOKUP(C192,'check dali wipday'!A:C,3,0) -> 7552296440;A | W192: =SUMIF('dali wip-fg'!A:A,C192,'dali wip-fg'!F:F) -> 170 | X192: =SUMIF('dali wip-fg'!A:A,V192,'dali wip-fg'!F:F) -> 1233 | Y192: =SUM(W192:X192) -> 1403 | Z192: =IF(Y192="","",IF(Y192<>Y191,Y192-F192,Z191-F192) ) -> 1243
A193: 0000100058 | B193: ISUZU MOTORS CO., (THAILAND) LTD. | C193: 7552296440 | D193: 7552296441 DUCT ASM;A/CL OTLT | E193: 15 | F193: 15 | G193: 46247 | H193: 115 | I193: 0 | J193: F-RP | K193: 46240 | L193: 0002246955 | S193: =VLOOKUP(C193,'check dali wipday'!A:A,1,0) -> 7552296440 | V193: =VLOOKUP(C193,'check dali wipday'!A:C,3,0) -> 7552296440;A | W193: =SUMIF('dali wip-fg'!A:A,C193,'dali wip-fg'!F:F) -> 170 | X193: =SUMIF('dali wip-fg'!A:A,V193,'dali wip-fg'!F:F) -> 1233 | Y193: =SUM(W193:X193) -> 1403 | Z193: =IF(Y193="","",IF(Y193<>Y192,Y193-F193,Z192-F193) ) -> 1228
A194: 0000100058 | B194: ISUZU MOTORS CO., (THAILAND) LTD. | C194: 7552296440 | D194: 7552296441 DUCT ASM;A/CL OTLT | E194: 15 | F194: 15 | G194: 46247 | H194: 115 | I194: 0 | J194: F-RP | K194: 46240 | L194: 0002246958 | S194: =VLOOKUP(C194,'check dali wipday'!A:A,1,0) -> 7552296440 | V194: =VLOOKUP(C194,'check dali wipday'!A:C,3,0) -> 7552296440;A | W194: =SUMIF('dali wip-fg'!A:A,C194,'dali wip-fg'!F:F) -> 170 | X194: =SUMIF('dali wip-fg'!A:A,V194,'dali wip-fg'!F:F) -> 1233 | Y194: =SUM(W194:X194) -> 1403 | Z194: =IF(Y194="","",IF(Y194<>Y193,Y194-F194,Z193-F194) ) -> 1213
A195: 0000100058 | B195: ISUZU MOTORS CO., (THAILAND) LTD. | C195: 7552296440 | D195: 7552296441 DUCT ASM;A/CL OTLT | E195: 15 | F195: 15 | G195: 46247 | H195: 115 | I195: 0 | J195: F-RP | K195: 46240 | L195: 0002246959 | S195: =VLOOKUP(C195,'check dali wipday'!A:A,1,0) -> 7552296440 | V195: =VLOOKUP(C195,'check dali wipday'!A:C,3,0) -> 7552296440;A | W195: =SUMIF('dali wip-fg'!A:A,C195,'dali wip-fg'!F:F) -> 170 | X195: =SUMIF('dali wip-fg'!A:A,V195,'dali wip-fg'!F:F) -> 1233 | Y195: =SUM(W195:X195) -> 1403 | Z195: =IF(Y195="","",IF(Y195<>Y194,Y195-F195,Z194-F195) ) -> 1198
... A281: 0000100058 | B281: ISUZU MOTORS CO., (THAILAND) LTD. | C281: 8978760470 | D281: 8978760471 DUCT ASM;A/CL OTLT | E281: 30 | F281: 30 | G281: 46251 | H281: 79 | I281: 0 | J281: F-RP | K281: 46245 | L281: 0002247990 | S281: =VLOOKUP(C281,'check dali wipday'!A:A,1,0) -> 8978760470 | V281: =VLOOKUP(C281,'check dali wipday'!A:C,3,0) -> 8978760470;A | W281: =SUMIF('dali wip-fg'!A:A,C281,'dali wip-fg'!F:F) -> 229 | X281: =SUMIF('dali wip-fg'!A:A,V281,'dali wip-fg'!F:F) -> 1030 | Y281: =SUM(W281:X281) -> 1259 | Z281: =IF(Y281="","",IF(Y281<>Y280,Y281-F281,Z280-F281) ) -> 772
A282: 0000100058 | B282: ISUZU MOTORS CO., (THAILAND) LTD. | C282: 897916-0090 | D282: 897916-0090 RUBBER CUSHION | E282: 24 | F282: 24 | G282: 46247 | H282: 26 | I282: 0 | J282: F-EM | K282: 46227 | L282: 0002243329 | S282: =VLOOKUP(C282,'check dali wipday'!A:A,1,0) -> 897916-0090 | V282: =VLOOKUP(C282,'check dali wipday'!A:C,3,0) -> 897916-0090;A | W282: =SUMIF('dali wip-fg'!A:A,C282,'dali wip-fg'!F:F) -> 50 | X282: =SUMIF('dali wip-fg'!A:A,V282,'dali wip-fg'!F:F) -> 167 | Y282: =SUM(W282:X282) -> 217 | Z282: =IF(Y282="","",IF(Y282<>Y281,Y282-F282,Z281-F282) ) -> 193
A283: 0000100058 | B283: ISUZU MOTORS CO., (THAILAND) LTD. | C283: 897916-0090 | D283: 897916-0090 RUBBER CUSHION | E283: 24 | F283: 24 | G283: 46249 | H283: 26 | I283: 0 | J283: F-EM | K283: 46227 | L283: 0002243331 | S283: =VLOOKUP(C283,'check dali wipday'!A:A,1,0) -> 897916-0090 | V283: =VLOOKUP(C283,'check dali wipday'!A:C,3,0) -> 897916-0090;A | W283: =SUMIF('dali wip-fg'!A:A,C283,'dali wip-fg'!F:F) -> 50 | X283: =SUMIF('dali wip-fg'!A:A,V283,'dali wip-fg'!F:F) -> 167 | Y283: =SUM(W283:X283) -> 217 | Z283: =IF(Y283="","",IF(Y283<>Y282,Y283-F283,Z282-F283) ) -> 169
A284: 0000100058 | B284: ISUZU MOTORS CO., (THAILAND) LTD. | C284: 897916-0090 | D284: 897916-0090 RUBBER CUSHION | E284: 24 | F284: 24 | G284: 46251 | H284: 26 | I284: 0 | J284: F-EM | K284: 46240 | L284: 0002246988 | S284: =VLOOKUP(C284,'check dali wipday'!A:A,1,0) -> 897916-0090 | V284: =VLOOKUP(C284,'check dali wipday'!A:C,3,0) -> 897916-0090;A | W284: =SUMIF('dali wip-fg'!A:A,C284,'dali wip-fg'!F:F) -> 50 | X284: =SUMIF('dali wip-fg'!A:A,V284,'dali wip-fg'!F:F) -> 167 | Y284: =SUM(W284:X284) -> 217 | Z284: =IF(Y284="","",IF(Y284<>Y283,Y284-F284,Z283-F284) ) -> 145
A285: 0000100058 | B285: ISUZU MOTORS CO., (THAILAND) LTD. | C285: 897916-0090 | D285: 897916-0090 RUBBER CUSHION | E285: 24 | F285: 24 | G285: 46252 | H285: 26 | I285: 0 | J285: F-EM | K285: 46240 | L285: 0002246989 | S285: =VLOOKUP(C285,'check dali wipday'!A:A,1,0) -> 897916-0090 | V285: =VLOOKUP(C285,'check dali wipday'!A:C,3,0) -> 897916-0090;A | W285: =SUMIF('dali wip-fg'!A:A,C285,'dali wip-fg'!F:F) -> 50 | X285: =SUMIF('dali wip-fg'!A:A,V285,'dali wip-fg'!F:F) -> 167 | Y285: =SUM(W285:X285) -> 217 | Z285: =IF(Y285="","",IF(Y285<>Y284,Y285-F285,Z284-F285) ) -> 121
A286: 0000100058 | B286: ISUZU MOTORS CO., (THAILAND) LTD. | C286: 897916-0090 | D286: 897916-0090 RUBBER CUSHION | E286: 24 | F286: 24 | G286: 46253 | H286: 26 | I286: 0 | J286: F-EM | K286: 46240 | L286: 0002246990 | S286: =VLOOKUP(C286,'check dali wipday'!A:A,1,0) -> 897916-0090 | V286: =VLOOKUP(C286,'check dali wipday'!A:C,3,0) -> 897916-0090;A | W286: =SUMIF('dali wip-fg'!A:A,C286,'dali wip-fg'!F:F) -> 50 | X286: =SUMIF('dali wip-fg'!A:A,V286,'dali wip-fg'!F:F) -> 167 | Y286: =SUM(W286:X286) -> 217 | Z286: =IF(Y286="","",IF(Y286<>Y285,Y286-F286,Z285-F286) ) -> 97
A287: 0000100058 | B287: ISUZU MOTORS CO., (THAILAND) LTD. | C287: 897916-0090 | D287: 897916-0090 RUBBER CUSHION | E287: 24 | F287: 24 | G287: 46255 | H287: 26 | I287: 0 | J287: F-EM | K287: 46240 | L287: 0002246992 | S287: =VLOOKUP(C287,'check dali wipday'!A:A,1,0) -> 897916-0090 | V287: =VLOOKUP(C287,'check dali wipday'!A:C,3,0) -> 897916-0090;A | W287: =SUMIF('dali wip-fg'!A:A,C287,'dali wip-fg'!F:F) -> 50 | X287: =SUMIF('dali wip-fg'!A:A,V287,'dali wip-fg'!F:F) -> 167 | Y287: =SUM(W287:X287) -> 217 | Z287: =IF(Y287="","",IF(Y287<>Y286,Y287-F287,Z286-F287) ) -> 73
A288: 0000100058 | B288: ISUZU MOTORS CO., (THAILAND) LTD. | C288: 897916-0110 | D288: 897916-0110 CUS R FWR LH (2X1 | E288: 24 | F288: 24 | G288: 46247 | H288: 53 | I288: 0 | J288: F-EM | K288: 46227 | L288: 0002243329 | S288: =VLOOKUP(C288,'check dali wipday'!A:A,1,0) -> 897916-0110 | V288: =VLOOKUP(C288,'check dali wipday'!A:C,3,0) -> 897916-0110;A | W288: =SUMIF('dali wip-fg'!A:A,C288,'dali wip-fg'!F:F) -> 77 | X288: =SUMIF('dali wip-fg'!A:A,V288,'dali wip-fg'!F:F) -> 353 | Y288: =SUM(W288:X288) -> 430 | Z288: =IF(Y288="","",IF(Y288<>Y287,Y288-F288,Z287-F288) ) -> 406
A289: 0000100058 | B289: ISUZU MOTORS CO., (THAILAND) LTD. | C289: 897916-0110 | D289: 897916-0110 CUS R FWR LH (2X1 | E289: 24 | F289: 24 | G289: 46249 | H289: 53 | I289: 0 | J289: F-EM | K289: 46227 | L289: 0002243331 | S289: =VLOOKUP(C289,'check dali wipday'!A:A,1,0) -> 897916-0110 | V289: =VLOOKUP(C289,'check dali wipday'!A:C,3,0) -> 897916-0110;A | W289: =SUMIF('dali wip-fg'!A:A,C289,'dali wip-fg'!F:F) -> 77 | X289: =SUMIF('dali wip-fg'!A:A,V289,'dali wip-fg'!F:F) -> 353 | Y289: =SUM(W289:X289) -> 430 | Z289: =IF(Y289="","",IF(Y289<>Y288,Y289-F289,Z288-F289) ) -> 382
A290: 0000100058 | B290: ISUZU MOTORS CO., (THAILAND) LTD. | C290: 897916-0110 | D290: 897916-0110 CUS R FWR LH (2X1 | E290: 24 | F290: 24 | G290: 46251 | H290: 53 | I290: 0 | J290: F-EM | K290: 46240 | L290: 0002246988 | S290: =VLOOKUP(C290,'check dali wipday'!A:A,1,0) -> 897916-0110 | V290: =VLOOKUP(C290,'check dali wipday'!A:C,3,0) -> 897916-0110;A | W290: =SUMIF('dali wip-fg'!A:A,C290,'dali wip-fg'!F:F) -> 77 | X290: =SUMIF('dali wip-fg'!A:A,V290,'dali wip-fg'!F:F) -> 353 | Y290: =SUM(W290:X290) -> 430 | Z290: =IF(Y290="","",IF(Y290<>Y289,Y290-F290,Z289-F290) ) -> 358
A291: 0000100058 | B291: ISUZU MOTORS CO., (THAILAND) LTD. | C291: 897916-0110 | D291: 897916-0110 CUS R FWR LH (2X1 | E291: 24 | F291: 24 | G291: 46252 | H291: 53 | I291: 0 | J291: F-EM | K291: 46240 | L291: 0002246989 | S291: =VLOOKUP(C291,'check dali wipday'!A:A,1,0) -> 897916-0110 | V291: =VLOOKUP(C291,'check dali wipday'!A:C,3,0) -> 897916-0110;A | W291: =SUMIF('dali wip-fg'!A:A,C291,'dali wip-fg'!F:F) -> 77 | X291: =SUMIF('dali wip-fg'!A:A,V291,'dali wip-fg'!F:F) -> 353 | Y291: =SUM(W291:X291) -> 430 | Z291: =IF(Y291="","",IF(Y291<>Y290,Y291-F291,Z290-F291) ) -> 334
A292: 0000100058 | B292: ISUZU MOTORS CO., (THAILAND) LTD. | C292: 897916-0110 | D292: 897916-0110 CUS R FWR LH (2X1 | E292: 24 | F292: 24 | G292: 46253 | H292: 53 | I292: 0 | J292: F-EM | K292: 46240 | L292: 0002246990 | S292: =VLOOKUP(C292,'check dali wipday'!A:A,1,0) -> 897916-0110 | V292: =VLOOKUP(C292,'check dali wipday'!A:C,3,0) -> 897916-0110;A | W292: =SUMIF('dali wip-fg'!A:A,C292,'dali wip-fg'!F:F) -> 77 | X292: =SUMIF('dali wip-fg'!A:A,V292,'dali wip-fg'!F:F) -> 353 | Y292: =SUM(W292:X292) -> 430 | Z292: =IF(Y292="","",IF(Y292<>Y291,Y292-F292,Z291-F292) ) -> 310
A293: 0000100058 | B293: ISUZU MOTORS CO., (THAILAND) LTD. | C293: 897916-0110 | D293: 897916-0110 CUS R FWR LH (2X1 | E293: 24 | F293: 24 | G293: 46255 | H293: 53 | I293: 0 | J293: F-EM | K293: 46240 | L293: 0002246992 | S293: =VLOOKUP(C293,'check dali wipday'!A:A,1,0) -> 897916-0110 | V293: =VLOOKUP(C293,'check dali wipday'!A:C,3,0) -> 897916-0110;A | W293: =SUMIF('dali wip-fg'!A:A,C293,'dali wip-fg'!F:F) -> 77 | X293: =SUMIF('dali wip-fg'!A:A,V293,'dali wip-fg'!F:F) -> 353 | Y293: =SUM(W293:X293) -> 430 | Z293: =IF(Y293="","",IF(Y293<>Y292,Y293-F293,Z292-F293) ) -> 286
... A321: 0000100058 | B321: ISUZU MOTORS CO., (THAILAND) LTD. | C321: 153366-1390 | D321: 897948-0230 RUBBER;CUSHION, C | E321: 24 | F321: 24 | G321: 46255 | H321: 27 | I321: 18 | J321: F-EM | K321: 46240 | L321: 0002246992 | S321: =VLOOKUP(C321,'check dali wipday'!A:A,1,0) -> 153366-1390 | V321: =VLOOKUP(C321,'check dali wipday'!A:C,3,0) -> 153366-1390;A | W321: =SUMIF('dali wip-fg'!A:A,C321,'dali wip-fg'!F:F) -> 51 | X321: =SUMIF('dali wip-fg'!A:A,V321,'dali wip-fg'!F:F) -> 298 | Y321: =SUM(W321:X321) -> 349 | Z321: =IF(Y321="","",IF(Y321<>Y320,Y321-F321,Z320-F321) ) -> 205
A322: 0000100058 | B322: ISUZU MOTORS CO., (THAILAND) LTD. | C322: 8983943812 | D322: 8983943812 DUCT ASM;A/CL OTLT | E322: 15 | F322: 15 | G322: 46245 | H322: 114 | I322: 0 | J322: F-RP | K322: 46239 | L322: 0002246209 | S322: =VLOOKUP(C322,'check dali wipday'!A:A,1,0) -> 8983943812 | V322: =VLOOKUP(C322,'check dali wipday'!A:C,3,0) -> 8983943810;A | W322: =SUMIF('dali wip-fg'!A:A,C322,'dali wip-fg'!F:F) -> 194 | X322: =SUMIF('dali wip-fg'!A:A,V322,'dali wip-fg'!F:F) -> 1478 | Y322: =SUM(W322:X322) -> 1672 | Z322: =IF(Y322="","",IF(Y322<>Y321,Y322-F322,Z321-F322) ) -> 1657
A323: 0000100058 | B323: ISUZU MOTORS CO., (THAILAND) LTD. | C323: 8983943812 | D323: 8983943812 DUCT ASM;A/CL OTLT | E323: 15 | F323: 15 | G323: 46245 | H323: 114 | I323: 0 | J323: F-RP | K323: 46239 | L323: 0002246211 | S323: =VLOOKUP(C323,'check dali wipday'!A:A,1,0) -> 8983943812 | V323: =VLOOKUP(C323,'check dali wipday'!A:C,3,0) -> 8983943810;A | W323: =SUMIF('dali wip-fg'!A:A,C323,'dali wip-fg'!F:F) -> 194 | X323: =SUMIF('dali wip-fg'!A:A,V323,'dali wip-fg'!F:F) -> 1478 | Y323: =SUM(W323:X323) -> 1672 | Z323: =IF(Y323="","",IF(Y323<>Y322,Y323-F323,Z322-F323) ) -> 1642
A324: 0000100058 | B324: ISUZU MOTORS CO., (THAILAND) LTD. | C324: 8983943812 | D324: 8983943812 DUCT ASM;A/CL OTLT | E324: 15 | F324: 15 | G324: 46245 | H324: 114 | I324: 0 | J324: F-RP | K324: 46239 | L324: 0002246215 | S324: =VLOOKUP(C324,'check dali wipday'!A:A,1,0) -> 8983943812 | V324: =VLOOKUP(C324,'check dali wipday'!A:C,3,0) -> 8983943810;A | W324: =SUMIF('dali wip-fg'!A:A,C324,'dali wip-fg'!F:F) -> 194 | X324: =SUMIF('dali wip-fg'!A:A,V324,'dali wip-fg'!F:F) -> 1478 | Y324: =SUM(W324:X324) -> 1672 | Z324: =IF(Y324="","",IF(Y324<>Y323,Y324-F324,Z323-F324) ) -> 1627
A325: 0000100058 | B325: ISUZU MOTORS CO., (THAILAND) LTD. | C325: 8983943812 | D325: 8983943812 DUCT ASM;A/CL OTLT | E325: 15 | F325: 15 | G325: 46245 | H325: 114 | I325: 0 | J325: F-RP | K325: 46239 | L325: 0002246216 | S325: =VLOOKUP(C325,'check dali wipday'!A:A,1,0) -> 8983943812 | V325: =VLOOKUP(C325,'check dali wipday'!A:C,3,0) -> 8983943810;A | W325: =SUMIF('dali wip-fg'!A:A,C325,'dali wip-fg'!F:F) -> 194 | X325: =SUMIF('dali wip-fg'!A:A,V325,'dali wip-fg'!F:F) -> 1478 | Y325: =SUM(W325:X325) -> 1672 | Z325: =IF(Y325="","",IF(Y325<>Y324,Y325-F325,Z324-F325) ) -> 1612
A326: 0000100058 | B326: ISUZU MOTORS CO., (THAILAND) LTD. | C326: 8983943812 | D326: 8983943812 DUCT ASM;A/CL OTLT | E326: 45 | F326: 45 | G326: 46245 | H326: 114 | I326: 0 | J326: F-RP | K326: 46239 | L326: 0002246227 | S326: =VLOOKUP(C326,'check dali wipday'!A:A,1,0) -> 8983943812 | V326: =VLOOKUP(C326,'check dali wipday'!A:C,3,0) -> 8983943810;A | W326: =SUMIF('dali wip-fg'!A:A,C326,'dali wip-fg'!F:F) -> 194 | X326: =SUMIF('dali wip-fg'!A:A,V326,'dali wip-fg'!F:F) -> 1478 | Y326: =SUM(W326:X326) -> 1672 | Z326: =IF(Y326="","",IF(Y326<>Y325,Y326-F326,Z325-F326) ) -> 1567
A327: 0000100058 | B327: ISUZU MOTORS CO., (THAILAND) LTD. | C327: 8983943812 | D327: 8983943812 DUCT ASM;A/CL OTLT | E327: 13 | F327: 13 | G327: 46245 | H327: 114 | I327: 0 | J327: F-RP | K327: 46239 | L327: 0002246249 | S327: =VLOOKUP(C327,'check dali wipday'!A:A,1,0) -> 8983943812 | V327: =VLOOKUP(C327,'check dali wipday'!A:C,3,0) -> 8983943810;A | W327: =SUMIF('dali wip-fg'!A:A,C327,'dali wip-fg'!F:F) -> 194 | X327: =SUMIF('dali wip-fg'!A:A,V327,'dali wip-fg'!F:F) -> 1478 | Y327: =SUM(W327:X327) -> 1672 | Z327: =IF(Y327="","",IF(Y327<>Y326,Y327-F327,Z326-F327) ) -> 1554
A328: 0000100058 | B328: ISUZU MOTORS CO., (THAILAND) LTD. | C328: 8983943812 | D328: 8983943812 DUCT ASM;A/CL OTLT | E328: 30 | F328: 30 | G328: 46245 | H328: 114 | I328: 0 | J328: F-RP | K328: 46240 | L328: 0002246941 | S328: =VLOOKUP(C328,'check dali wipday'!A:A,1,0) -> 8983943812 | V328: =VLOOKUP(C328,'check dali wipday'!A:C,3,0) -> 8983943810;A | W328: =SUMIF('dali wip-fg'!A:A,C328,'dali wip-fg'!F:F) -> 194 | X328: =SUMIF('dali wip-fg'!A:A,V328,'dali wip-fg'!F:F) -> 1478 | Y328: =SUM(W328:X328) -> 1672 | Z328: =IF(Y328="","",IF(Y328<>Y327,Y328-F328,Z327-F328) ) -> 1524
A329: 0000100058 | B329: ISUZU MOTORS CO., (THAILAND) LTD. | C329: 8983943812 | D329: 8983943812 DUCT ASM;A/CL OTLT | E329: 15 | F329: 15 | G329: 46245 | H329: 114 | I329: 0 | J329: F-RP | K329: 46240 | L329: 0002246967 | S329: =VLOOKUP(C329,'check dali wipday'!A:A,1,0) -> 8983943812 | V329: =VLOOKUP(C329,'check dali wipday'!A:C,3,0) -> 8983943810;A | W329: =SUMIF('dali wip-fg'!A:A,C329,'dali wip-fg'!F:F) -> 194 | X329: =SUMIF('dali wip-fg'!A:A,V329,'dali wip-fg'!F:F) -> 1478 | Y329: =SUM(W329:X329) -> 1672 | Z329: =IF(Y329="","",IF(Y329<>Y328,Y329-F329,Z328-F329) ) -> 1509
A330: 0000100058 | B330: ISUZU MOTORS CO., (THAILAND) LTD. | C330: 8983943812 | D330: 8983943812 DUCT ASM;A/CL OTLT | E330: 7 | F330: 7 | G330: 46245 | H330: 114 | I330: 0 | J330: F-RP | K330: 46240 | L330: 0002246983 | S330: =VLOOKUP(C330,'check dali wipday'!A:A,1,0) -> 8983943812 | V330: =VLOOKUP(C330,'check dali wipday'!A:C,3,0) -> 8983943810;A | W330: =SUMIF('dali wip-fg'!A:A,C330,'dali wip-fg'!F:F) -> 194 | X330: =SUMIF('dali wip-fg'!A:A,V330,'dali wip-fg'!F:F) -> 1478 | Y330: =SUM(W330:X330) -> 1672 | Z330: =IF(Y330="","",IF(Y330<>Y329,Y330-F330,Z329-F330) ) -> 1502
A331: 0000100058 | B331: ISUZU MOTORS CO., (THAILAND) LTD. | C331: 8983943812 | D331: 8983943812 DUCT ASM;A/CL OTLT | E331: 15 | F331: 15 | G331: 46245 | H331: 114 | I331: 0 | J331: F-RP | K331: 46240 | L331: 0002246984 | S331: =VLOOKUP(C331,'check dali wipday'!A:A,1,0) -> 8983943812 | V331: =VLOOKUP(C331,'check dali wipday'!A:C,3,0) -> 8983943810;A | W331: =SUMIF('dali wip-fg'!A:A,C331,'dali wip-fg'!F:F) -> 194 | X331: =SUMIF('dali wip-fg'!A:A,V331,'dali wip-fg'!F:F) -> 1478 | Y331: =SUM(W331:X331) -> 1672 | Z331: =IF(Y331="","",IF(Y331<>Y330,Y331-F331,Z330-F331) ) -> 1487
A332: 0000100058 | B332: ISUZU MOTORS CO., (THAILAND) LTD. | C332: 8983943812 | D332: 8983943812 DUCT ASM;A/CL OTLT | E332: 5 | F332: 5 | G332: 46246 | H332: 114 | I332: 0 | J332: F-RP | K332: 46240 | L332: 0002246985 | S332: =VLOOKUP(C332,'check dali wipday'!A:A,1,0) -> 8983943812 | V332: =VLOOKUP(C332,'check dali wipday'!A:C,3,0) -> 8983943810;A | W332: =SUMIF('dali wip-fg'!A:A,C332,'dali wip-fg'!F:F) -> 194 | X332: =SUMIF('dali wip-fg'!A:A,V332,'dali wip-fg'!F:F) -> 1478 | Y332: =SUM(W332:X332) -> 1672 | Z332: =IF(Y332="","",IF(Y332<>Y331,Y332-F332,Z331-F332) ) -> 1482
A333: 0000100058 | B333: ISUZU MOTORS CO., (THAILAND) LTD. | C333: 8983943812 | D333: 8983943812 DUCT ASM;A/CL OTLT | E333: 15 | F333: 15 | G333: 46247 | H333: 114 | I333: 0 | J333: F-RP | K333: 46240 | L333: 0002246956 | S333: =VLOOKUP(C333,'check dali wipday'!A:A,1,0) -> 8983943812 | V333: =VLOOKUP(C333,'check dali wipday'!A:C,3,0) -> 8983943810;A | W333: =SUMIF('dali wip-fg'!A:A,C333,'dali wip-fg'!F:F) -> 194 | X333: =SUMIF('dali wip-fg'!A:A,V333,'dali wip-fg'!F:F) -> 1478 | Y333: =SUM(W333:X333) -> 1672 | Z333: =IF(Y333="","",IF(Y333<>Y332,Y333-F333,Z332-F333) ) -> 1467
... A467: 0000100058 | B467: ISUZU MOTORS CO., (THAILAND) LTD. | C467: 8983954210 | D467: 8983954210 RUBBER,BUMPER REAR | E467: 60 | F467: 60 | G467: 46249 | H467: 196 | I467: 0 | J467: F-EM | K467: 46245 | L467: 0002248015 | S467: =VLOOKUP(C467,'check dali wipday'!A:A,1,0) -> 8983954210 | V467: =VLOOKUP(C467,'check dali wipday'!A:C,3,0) -> 8983954210;A | W467: =SUMIF('dali wip-fg'!A:A,C467,'dali wip-fg'!F:F) -> 1696 | X467: =SUMIF('dali wip-fg'!A:A,V467,'dali wip-fg'!F:F) -> 5388 | Y467: =SUM(W467:X467) -> 7084 | Z467: =IF(Y467="","",IF(Y467<>Y466,Y467-F467,Z466-F467) ) -> 6274
A468: 0000100077 | B468: MITSUBISHI MOTORS(THAILAND) | C468: MR992397 | D468: MR992397 STOPPER,REBOUND | E468: 150 | F468: 150 | G468: 46251 | H468: 432 | I468: 46 | J468: F-EM | K468: 46237 | L468: 0002245552 | S468: =VLOOKUP(C468,'check dali wipday'!A:A,1,0) -> MR992397 | V468: =VLOOKUP(C468,'check dali wipday'!A:C,3,0) -> MR992397;A | W468: =SUMIF('dali wip-fg'!A:A,C468,'dali wip-fg'!F:F) -> 432 | X468: =SUMIF('dali wip-fg'!A:A,V468,'dali wip-fg'!F:F) -> 2192 | Y468: =SUM(W468:X468) -> 2624 | Z468: =IF(Y468="","",IF(Y468<>Y467,Y468-F468,Z467-F468) ) -> 2474
A469: 0000100078 | B469: MITSUBISHI MOTORS(THAILAND) | C469: 1093A035 | D469: 1093A035 INSULATOR,ENG MOUNTI | E469: 100 | F469: 65 | G469: 46262 | H469: 0 | I469: 0 | J469: F-EM | K469: 46211 | L469: 0002238414 | S469: =VLOOKUP(C469,'check dali wipday'!A:A,1,0) -> 1093A035 | V469: =VLOOKUP(C469,'check dali wipday'!A:C,3,0) -> MR995005;A | W469: =SUMIF('dali wip-fg'!A:A,C469,'dali wip-fg'!F:F) -> 0 | X469: =SUMIF('dali wip-fg'!A:A,V469,'dali wip-fg'!F:F) -> 565 | Y469: =SUM(W469:X469) -> 565 | Z469: =IF(Y469="","",IF(Y469<>Y468,Y469-F469,Z468-F469) ) -> 500
A470: 0000100078 | B470: MITSUBISHI MOTORS(THAILAND) | C470: 1505A365 | D470: 1505A365 DUCT,AIR CLEANER TO | E470: 20 | F470: 2 | G470: 46262 | H470: 276 | I470: 0 | J470: F-RP | K470: 46211 | L470: 0002238414 | S470: =VLOOKUP(C470,'check dali wipday'!A:A,1,0) -> 1505A365 | V470: =VLOOKUP(C470,'check dali wipday'!A:C,3,0) -> MN135030;A | W470: =SUMIF('dali wip-fg'!A:A,C470,'dali wip-fg'!F:F) -> 276 | X470: =SUMIF('dali wip-fg'!A:A,V470,'dali wip-fg'!F:F) -> 92 | Y470: =SUM(W470:X470) -> 368 | Z470: =IF(Y470="","",IF(Y470<>Y469,Y470-F470,Z469-F470) ) -> 366
A471: 0000100078 | B471: MITSUBISHI MOTORS(THAILAND) | C471: 1505A365 | D471: 1505A365 DUCT,AIR CLEANER TO | E471: 100 | F471: 100 | G471: 46262 | H471: 276 | I471: 0 | J471: F-RP | K471: 46211 | L471: 0002238414 | S471: =VLOOKUP(C471,'check dali wipday'!A:A,1,0) -> 1505A365 | V471: =VLOOKUP(C471,'check dali wipday'!A:C,3,0) -> MN135030;A | W471: =SUMIF('dali wip-fg'!A:A,C471,'dali wip-fg'!F:F) -> 276 | X471: =SUMIF('dali wip-fg'!A:A,V471,'dali wip-fg'!F:F) -> 92 | Y471: =SUM(W471:X471) -> 368 | Z471: =IF(Y471="","",IF(Y471<>Y470,Y471-F471,Z470-F471) ) -> 266
A472: 0000100078 | B472: MITSUBISHI MOTORS(THAILAND) | C472: 1505A365 | D472: 1505A365 DUCT,AIR CLEANER TO | E472: 28 | F472: 28 | G472: 46262 | H472: 276 | I472: 0 | J472: F-RP | K472: 46213 | L472: 0002238950 | S472: =VLOOKUP(C472,'check dali wipday'!A:A,1,0) -> 1505A365 | V472: =VLOOKUP(C472,'check dali wipday'!A:C,3,0) -> MN135030;A | W472: =SUMIF('dali wip-fg'!A:A,C472,'dali wip-fg'!F:F) -> 276 | X472: =SUMIF('dali wip-fg'!A:A,V472,'dali wip-fg'!F:F) -> 92 | Y472: =SUM(W472:X472) -> 368 | Z472: =IF(Y472="","",IF(Y472<>Y471,Y472-F472,Z471-F472) ) -> 238
A473: 0000100078 | B473: MITSUBISHI MOTORS(THAILAND) | C473: 1505A376 | D473: 1505A376 DUCT,AIR CLEANER TO | E473: 22 | F473: 12 | G473: 46262 | H473: 0 | I473: 0 | J473: F-RP | K473: 46213 | L473: 0002238953 | S473: =VLOOKUP(C473,'check dali wipday'!A:A,1,0) -> 1505A376 | V473: =VLOOKUP(C473,'check dali wipday'!A:C,3,0) -> 1505A376/383/665;A | W473: =SUMIF('dali wip-fg'!A:A,C473,'dali wip-fg'!F:F) -> 0 | X473: =SUMIF('dali wip-fg'!A:A,V473,'dali wip-fg'!F:F) -> 50 | Y473: =SUM(W473:X473) -> 50 | Z473: =IF(Y473="","",IF(Y473<>Y472,Y473-F473,Z472-F473) ) -> 38
A474: 0000100078 | B474: MITSUBISHI MOTORS(THAILAND) | C474: 3204A005 | D474: 3204A005 STOPPER,T/F MOUNTING | E474: 500 | F474: 275 | G474: 46259 | H474: 0 | I474: 0 | J474: F-EM | K474: 46230 | L474: 0002244117 | S474: =VLOOKUP(C474,'check dali wipday'!A:A,1,0) -> 3204A005 | V474: =VLOOKUP(C474,'check dali wipday'!A:C,3,0) -> 3204A005;A | W474: =SUMIF('dali wip-fg'!A:A,C474,'dali wip-fg'!F:F) -> 0 | X474: =SUMIF('dali wip-fg'!A:A,V474,'dali wip-fg'!F:F) -> 64 | Y474: =SUM(W474:X474) -> 64 | Z474: =IF(Y474="","",IF(Y474<>Y473,Y474-F474,Z473-F474) ) -> -211
A475: 0000100078 | B475: MITSUBISHI MOTORS(THAILAND) | C475: 3204A005 | D475: 3204A005 STOPPER,T/F MOUNTING | E475: 3 | F475: 3 | G475: 46261 | H475: 0 | I475: 0 | J475: F-EM | K475: 46232 | L475: 0002244543 | S475: =VLOOKUP(C475,'check dali wipday'!A:A,1,0) -> 3204A005 | V475: =VLOOKUP(C475,'check dali wipday'!A:C,3,0) -> 3204A005;A | W475: =SUMIF('dali wip-fg'!A:A,C475,'dali wip-fg'!F:F) -> 0 | X475: =SUMIF('dali wip-fg'!A:A,V475,'dali wip-fg'!F:F) -> 64 | Y475: =SUM(W475:X475) -> 64 | Z475: =IF(Y475="","",IF(Y475<>Y474,Y475-F475,Z474-F475) ) -> -214
A476: 0000100078 | B476: MITSUBISHI MOTORS(THAILAND) | C476: 3204A005 | D476: 3204A005 STOPPER,T/F MOUNTING | E476: 40 | F476: 40 | G476: 46261 | H476: 0 | I476: 0 | J476: F-EM | K476: 46232 | L476: 0002244545 | S476: =VLOOKUP(C476,'check dali wipday'!A:A,1,0) -> 3204A005 | V476: =VLOOKUP(C476,'check dali wipday'!A:C,3,0) -> 3204A005;A | W476: =SUMIF('dali wip-fg'!A:A,C476,'dali wip-fg'!F:F) -> 0 | X476: =SUMIF('dali wip-fg'!A:A,V476,'dali wip-fg'!F:F) -> 64 | Y476: =SUM(W476:X476) -> 64 | Z476: =IF(Y476="","",IF(Y476<>Y475,Y476-F476,Z475-F476) ) -> -254
A477: 0000100078 | B477: MITSUBISHI MOTORS(THAILAND) | C477: 3204A005 | D477: 3204A005 STOPPER,T/F MOUNTING | E477: 843 | F477: 843 | G477: 46262 | H477: 0 | I477: 0 | J477: F-EM | K477: 46234 | L477: 0002245212 | S477: =VLOOKUP(C477,'check dali wipday'!A:A,1,0) -> 3204A005 | V477: =VLOOKUP(C477,'check dali wipday'!A:C,3,0) -> 3204A005;A | W477: =SUMIF('dali wip-fg'!A:A,C477,'dali wip-fg'!F:F) -> 0 | X477: =SUMIF('dali wip-fg'!A:A,V477,'dali wip-fg'!F:F) -> 64 | Y477: =SUM(W477:X477) -> 64 | Z477: =IF(Y477="","",IF(Y477<>Y476,Y477-F477,Z476-F477) ) -> -1097
A478: 0000100078 | B478: MITSUBISHI MOTORS(THAILAND) | C478: MN171012 | D478: MN171012 DUCT,AIR CLEANER TO | E478: 11 | F478: 5 | G478: 46261 | H478: 0 | I478: 14 | J478: F-RP | K478: 46232 | L478: 0002244542 | S478: =VLOOKUP(C478,'check dali wipday'!A:A,1,0) -> MN171012 | V478: =VLOOKUP(C478,'check dali wipday'!A:C,3,0) -> MN171012;A | W478: =SUMIF('dali wip-fg'!A:A,C478,'dali wip-fg'!F:F) -> 50 | X478: =SUMIF('dali wip-fg'!A:A,V478,'dali wip-fg'!F:F) -> 56 | Y478: =SUM(W478:X478) -> 106 | Z478: =IF(Y478="","",IF(Y478<>Y477,Y478-F478,Z477-F478) ) -> 101
A479: 0000100078 | B479: MITSUBISHI MOTORS(THAILAND) | C479: MN171012 | D479: MN171012 DUCT,AIR CLEANER TO | E479: 7 | F479: 7 | G479: 46262 | H479: 0 | I479: 14 | J479: F-RP | K479: 46234 | L479: 0002245211 | S479: =VLOOKUP(C479,'check dali wipday'!A:A,1,0) -> MN171012 | V479: =VLOOKUP(C479,'check dali wipday'!A:C,3,0) -> MN171012;A | W479: =SUMIF('dali wip-fg'!A:A,C479,'dali wip-fg'!F:F) -> 50 | X479: =SUMIF('dali wip-fg'!A:A,V479,'dali wip-fg'!F:F) -> 56 | Y479: =SUM(W479:X479) -> 106 | Z479: =IF(Y479="","",IF(Y479<>Y478,Y479-F479,Z478-F479) ) -> 94
... A662: 0000100190 | B662: SIAM NSK STEERING SYSTEMS CO.,LTD. | C662: 7150S0138 | D662: 7150S0138 BOOT | E662: 200 | F662: 200 | G662: 46248 | H662: 200 | I662: 0 | J662: F-RP | K662: 46196 | L662: 0002232789 | S662: =VLOOKUP(C662,'check dali wipday'!A:A,1,0) -> #N/A | V662: =VLOOKUP(C662,'check dali wipday'!A:C,3,0) -> #N/A | W662: =SUMIF('dali wip-fg'!A:A,C662,'dali wip-fg'!F:F) -> 200 | X662: =SUMIF('dali wip-fg'!A:A,V662,'dali wip-fg'!F:F) -> 0 | Y662: =SUM(W662:X662) -> 200 | Z662: =IF(Y662="","",IF(Y662<>Y661,Y662-F662,Z661-F662) ) -> -200
A663: 0000100237 | B663: ISUZU TECHNICAL CENTER | C663: 7553280990 | D663: 5JX5590740 DUCT ASM;A/CL OTLT | E663: 1 | F663: 1 | G663: 46261 | H663: 0 | I663: 0 | J663: F-RP | K663: 46233 | L663: 0002244965 | S663: =VLOOKUP(C663,'check dali wipday'!A:A,1,0) -> #N/A | V663: =VLOOKUP(C663,'check dali wipday'!A:C,3,0) -> #N/A | W663: =SUMIF('dali wip-fg'!A:A,C663,'dali wip-fg'!F:F) -> 0 | X663: =SUMIF('dali wip-fg'!A:A,V663,'dali wip-fg'!F:F) -> 0 | Y663: =SUM(W663:X663) -> 0 | Z663: =IF(Y663="","",IF(Y663<>Y662,Y663-F663,Z662-F663) ) -> -1
A664: 0000100237 | B664: ISUZU TECHNICAL CENTER | C664: 7553280990 | D664: 5JX5590740 DUCT ASM;A/CL OTLT | E664: 4 | F664: 4 | G664: 46261 | H664: 0 | I664: 0 | J664: F-RP | K664: 46233 | L664: 0002244965 | S664: =VLOOKUP(C664,'check dali wipday'!A:A,1,0) -> #N/A | V664: =VLOOKUP(C664,'check dali wipday'!A:C,3,0) -> #N/A | W664: =SUMIF('dali wip-fg'!A:A,C664,'dali wip-fg'!F:F) -> 0 | X664: =SUMIF('dali wip-fg'!A:A,V664,'dali wip-fg'!F:F) -> 0 | Y664: =SUM(W664:X664) -> 0 | Z664: =IF(Y664="","",IF(Y664<>Y663,Y664-F664,Z663-F664) ) -> -5
A665: 0000100237 | B665: ISUZU TECHNICAL CENTER | C665: 7553280990 | D665: 7553280990 DUCT ASM;A/CL OTLT | E665: 1 | F665: 1 | G665: 46244 | H665: 0 | I665: 0 | J665: F-RP | K665: 46227 | L665: 0002243681 | S665: =VLOOKUP(C665,'check dali wipday'!A:A,1,0) -> #N/A | V665: =VLOOKUP(C665,'check dali wipday'!A:C,3,0) -> #N/A | W665: =SUMIF('dali wip-fg'!A:A,C665,'dali wip-fg'!F:F) -> 0 | X665: =SUMIF('dali wip-fg'!A:A,V665,'dali wip-fg'!F:F) -> 0 | Y665: =SUM(W665:X665) -> 0 | Z665: =IF(Y665="","",IF(Y665<>Y664,Y665-F665,Z664-F665) ) -> -6
A666: 0000100279 | B666: TOYOTA MOTOR ASIA (THAILAND) | C666: 12361-05010 | D666: 12361-05010 FCA01/3 INS ENG M | E666: 10 | F666: 10 | G666: 46240 | H666: 12 | I666: 0 | J666: F-EM | K666: 46237 | L666: 0002245525 | S666: =VLOOKUP(C666,'check dali wipday'!A:A,1,0) -> 12361-05010 | V666: =VLOOKUP(C666,'check dali wipday'!A:C,3,0) -> 12361-05010;A | W666: =SUMIF('dali wip-fg'!A:A,C666,'dali wip-fg'!F:F) -> 12 | X666: =SUMIF('dali wip-fg'!A:A,V666,'dali wip-fg'!F:F) -> 87 | Y666: =SUM(W666:X666) -> 99 | Z666: =IF(Y666="","",IF(Y666<>Y665,Y666-F666,Z665-F666) ) -> 89
A667: 0000100279 | B667: TOYOTA MOTOR ASIA (THAILAND) | C667: 12361-05010 | D667: 12361-05010 FCA01/3 INS ENG M | E667: 20 | F667: 20 | G667: 46241 | H667: 12 | I667: 0 | J667: F-EM | K667: 46238 | L667: 0002245713 | S667: =VLOOKUP(C667,'check dali wipday'!A:A,1,0) -> 12361-05010 | V667: =VLOOKUP(C667,'check dali wipday'!A:C,3,0) -> 12361-05010;A | W667: =SUMIF('dali wip-fg'!A:A,C667,'dali wip-fg'!F:F) -> 12 | X667: =SUMIF('dali wip-fg'!A:A,V667,'dali wip-fg'!F:F) -> 87 | Y667: =SUM(W667:X667) -> 99 | Z667: =IF(Y667="","",IF(Y667<>Y666,Y667-F667,Z666-F667) ) -> 69
A668: 0000100279 | B668: TOYOTA MOTOR ASIA (THAILAND) | C668: 12361-05010 | D668: 12361-05010 FCA01/3 INS ENG M | E668: 10 | F668: 10 | G668: 46244 | H668: 12 | I668: 0 | J668: F-EM | K668: 46239 | L668: 0002246003 | S668: =VLOOKUP(C668,'check dali wipday'!A:A,1,0) -> 12361-05010 | V668: =VLOOKUP(C668,'check dali wipday'!A:C,3,0) -> 12361-05010;A | W668: =SUMIF('dali wip-fg'!A:A,C668,'dali wip-fg'!F:F) -> 12 | X668: =SUMIF('dali wip-fg'!A:A,V668,'dali wip-fg'!F:F) -> 87 | Y668: =SUM(W668:X668) -> 99 | Z668: =IF(Y668="","",IF(Y668<>Y667,Y668-F668,Z667-F668) ) -> 59
A669: 0000100279 | B669: TOYOTA MOTOR ASIA (THAILAND) | C669: 12361-05010 | D669: 12361-05010 FCA01/3 INS ENG M | E669: 20 | F669: 20 | G669: 46245 | H669: 12 | I669: 0 | J669: F-EM | K669: 46240 | L669: 0002246748 | S669: =VLOOKUP(C669,'check dali wipday'!A:A,1,0) -> 12361-05010 | V669: =VLOOKUP(C669,'check dali wipday'!A:C,3,0) -> 12361-05010;A | W669: =SUMIF('dali wip-fg'!A:A,C669,'dali wip-fg'!F:F) -> 12 | X669: =SUMIF('dali wip-fg'!A:A,V669,'dali wip-fg'!F:F) -> 87 | Y669: =SUM(W669:X669) -> 99 | Z669: =IF(Y669="","",IF(Y669<>Y668,Y669-F669,Z668-F669) ) -> 39
A670: 0000100279 | B670: TOYOTA MOTOR ASIA (THAILAND) | C670: 12361-05010 | D670: 12361-05010 FCA01/3 INS ENG M | E670: 10 | F670: 10 | G670: 46247 | H670: 12 | I670: 0 | J670: F-EM | K670: 46241 | L670: 0002247102 | S670: =VLOOKUP(C670,'check dali wipday'!A:A,1,0) -> 12361-05010 | V670: =VLOOKUP(C670,'check dali wipday'!A:C,3,0) -> 12361-05010;A | W670: =SUMIF('dali wip-fg'!A:A,C670,'dali wip-fg'!F:F) -> 12 | X670: =SUMIF('dali wip-fg'!A:A,V670,'dali wip-fg'!F:F) -> 87 | Y670: =SUM(W670:X670) -> 99 | Z670: =IF(Y670="","",IF(Y670<>Y669,Y670-F670,Z669-F670) ) -> 29
...

Sheet fo
A1: Cust.Code | B1: Name | C1: Material | D1: Description | E1: Mat.Group | F1: Mat.Group4 | G1: Cust.Group Name | H1: FO(Pcs)-08.2026 | I1: ORD(Pcs)-08.2026 | J1: FO(Amt)-08.2026 | K1: ORD(Amt)-08.2026 | L1: FO(Pcs)-09.2026 | M1: ORD(Pcs)-09.2026 | N1: FO(Amt)-09.2026 | O1: ORD(Amt)-09.2026 | P1: Cust.Mat. | T1: max1 | U1: order | W1: fo next month 30% | Y1: max 2 | Z1: 0.3 | AE1: f-em | AF1: /BUSINESS PL
A2: 0000100013 | B2: ASIAN HONDA MOTOR CO.,LTD | C2: 73525-SWA-0000 | D2: spacer (60x1:8cycle/hr) | E2: F-PUNCH | F2: PRESS | G2: Spare parts | H2: 0 | I2: 20 | J2: 0 | K2: 45 | L2: 0 | M2: 0 | N2: 0 | O2: 0 | P2: 73525SWA000 | T2: =MAX(H2:I2) -> 20 | U2: =+I2 -> 20 | Y2: =MAX(L2:M2) -> 0 | Z2: =ROUNDUP(Y2*$Z$1,0) -> 0 | AE2: f-rp
A3: 0000100013 | B3: ASIAN HONDA MOTOR CO.,LTD | C3: 75800-SNLA-T102 | D3: mud guard R FR | E3: F-RP | F3: PRESS | G3: Spare parts | H3: 19 | I3: 29 | J3: 1175.34 | K3: 1793.94 | L3: 20 | M3: 0 | N3: 1237.2 | O3: 0 | P3: 75800SNLT00 | T3: =MAX(H3:I3) -> 29 | U3: =+I3 -> 29 | Y3: =MAX(L3:M3) -> 20 | Z3: =ROUNDUP(Y3*$Z$1,0) -> 6 | AE3: f-rpm
A4: 0000100013 | B4: ASIAN HONDA MOTOR CO.,LTD | C4: 75810-SNLA-T102 | D4: mud guard L FR | E4: F-RP | F4: PRESS | G4: Spare parts | H4: 23 | I4: 12 | J4: 1422.78 | K4: 742.32 | L4: 15 | M4: 0 | N4: 927.9 | O4: 0 | P4: 75810SNLT00 | T4: =MAX(H4:I4) -> 23 | U4: =+I4 -> 12 | Y4: =MAX(L4:M4) -> 15 | Z4: =ROUNDUP(Y4*$Z$1,0) -> 5 | AE4: f-vac
A5: 0000100013 | B5: ASIAN HONDA MOTOR CO.,LTD | C5: 75820-SNLA-T101 | D5: mud guard r rr | E5: F-RP | F5: PRESS | G5: Spare parts | H5: 11 | I5: 16 | J5: 773.19 | K5: 1124.64 | L5: 13 | M5: 0 | N5: 913.77 | O5: 0 | P5: 75820SNLT00 | T5: =MAX(H5:I5) -> 16 | U5: =+I5 -> 16 | Y5: =MAX(L5:M5) -> 13 | Z5: =ROUNDUP(Y5*$Z$1,0) -> 4 | AE5: f-spong
A6: 0000100013 | B6: ASIAN HONDA MOTOR CO.,LTD | C6: 75830-SNLA-T101 | D6: mud guard l rr | E6: F-RP | F6: PRESS | G6: Spare parts | H6: 16 | I6: 12 | J6: 1124.64 | K6: 843.48 | L6: 11 | M6: 0 | N6: 773.19 | O6: 0 | P6: 75830SNLT00 | T6: =MAX(H6:I6) -> 16 | U6: =+I6 -> 12 | Y6: =MAX(L6:M6) -> 11 | Z6: =ROUNDUP(Y6*$Z$1,0) -> 4 | AE6: f-punch
A7: 0000100015 | B7: BANGKOK DIECASTING AND INJECTION | C7: 77402-MJWA-J001 | D7: PAD COMP SEAT COWL | E7: F-RP | F7: PRESS | G7: OEM/SUB MC | H7: 0 | I7: 0 | J7: 0 | K7: 0 | L7: 0 | M7: 0 | N7: 0 | O7: 0 | P7: 77402-MJW-J000 | T7: =MAX(H7:I7) -> 0 | U7: =+I7 -> 0 | Y7: =MAX(L7:M7) -> 0 | Z7: =ROUNDUP(Y7*$Z$1,0) -> 0 | AE7: ac-em
A8: 0000100029 | B8: DAIKIN INDUSTRIES(THAILAND) LTD. | C8: 4PB30946-1 | D8: INSULATION MATERIAL (36x1;6cyc/hr)TP-332 | E8: F-RP | F8: PRESS | G8: OEM/Non Auto | H8: 0 | I8: 0 | J8: 0 | K8: 0 | L8: 0 | M8: 0 | N8: 0 | O8: 0 | P8: 4PB30946-1C | T8: =MAX(H8:I8) -> 0 | U8: =+I8 -> 0 | Y8: =MAX(L8:M8) -> 0 | Z8: =ROUNDUP(Y8*$Z$1,0) -> 0 | AE8: ac-rp
A9: 0000100029 | B9: DAIKIN INDUSTRIES(THAILAND) LTD. | C9: 4PB30948-1 | D9: INSULATION MATERIAL(B) (54x1;6cyc/hr) | E9: F-RP | F9: PRESS | G9: OEM/Non Auto | H9: 1000 | I9: 0 | J9: 2940 | K9: 0 | L9: 1500 | M9: 0 | N9: 4410 | O9: 0 | P9: 4PB30948-1A | T9: =MAX(H9:I9) -> 1000 | U9: =+I9 -> 0 | Y9: =MAX(L9:M9) -> 1500 | Z9: =ROUNDUP(Y9*$Z$1,0) -> 450 | AE9: ac-rpm
A10: 0000100039 | B10: FUKUI KASEI (THAILAND)CO.,LTD. | C10: 1G957-1452-1 | D10: Gasket (2x2x1;6Cyc/Hr) | E10: F-RP | F10: PRESS | G10: OEM/Non Auto | H10: 0 | I10: 2000 | J10: 0 | K10: 40140 | L10: 0 | M10: 0 | N10: 0 | O10: 0 | P10: 1G957-1452-1 | T10: =MAX(H10:I10) -> 2000 | U10: =+I10 -> 2000 | Y10: =MAX(L10:M10) -> 0 | Z10: =ROUNDUP(Y10*$Z$1,0) -> 0 | AE10: ac-vac
A11: 0000100039 | B11: FUKUI KASEI (THAILAND)CO.,LTD. | C11: 1G958-1452-1 | D11: Gasket (4x2 7 Cyc/Hr). 8min/cyc | E11: F-RP | F11: PRESS | G11: OEM/Non Auto | H11: 0 | I11: 0 | J11: 0 | K11: 0 | L11: 0 | M11: 0 | N11: 0 | O11: 0 | P11: 1G958-1452-1 | T11: =MAX(H11:I11) -> 0 | U11: =+I11 -> 0 | Y11: =MAX(L11:M11) -> 0 | Z11: =ROUNDUP(Y11*$Z$1,0) -> 0 | AE11: ac-spong
A12: 0000100044 | B12: HINO MOTORS SALES (THAILAND)LTD. | C12: 52203-1422A | D12: CUSHION SUB | E12: F-EM | F12: PRESS | G12: Spare parts | H12: 0 | I12: 40 | J12: 0 | K12: 6064.8 | L12: 0 | M12: 0 | N12: 0 | O12: 0 | P12: 52203-1422G | T12: =MAX(H12:I12) -> 40 | U12: =+I12 -> 40 | Y12: =MAX(L12:M12) -> 0 | Z12: =ROUNDUP(Y12*$Z$1,0) -> 0 | AE12: ac-punch
A13: 0000100048 | B13: HONDA AUTOMOBILE (THAILAND) | C13: 1J630-69F-A000 | D13: DUCT B,IPU INLET | E13: F-RP | F13: PRESS | G13: OEM/Auto | H13: 1110 | I13: 960 | J13: 56732.1 | K13: 49065.6 | L13: 1680 | M13: 0 | N13: 85864.8 | O13: 0 | P13: 1J630-69F-A000 | T13: =MAX(H13:I13) -> 1110 | U13: =+I13 -> 960 | Y13: =MAX(L13:M13) -> 1680 | Z13: =ROUNDUP(Y13*$Z$1,0) -> 504
A14: 0000100048 | B14: HONDA AUTOMOBILE (THAILAND) | C14: 1J670-69F-A000 | D14: DUCT,FAN OUTLET | E14: F-RP | F14: PRESS | G14: OEM/Auto | H14: 1110 | I14: 960 | J14: 70251.9 | K14: 60758.4 | L14: 1680 | M14: 0 | N14: 106327.2 | O14: 0 | P14: 1J670-69F-A000 | T14: =MAX(H14:I14) -> 1110 | U14: =+I14 -> 960 | Y14: =MAX(L14:M14) -> 1680 | Z14: =ROUNDUP(Y14*$Z$1,0) -> 504
A15: 0000100050 | B15: Minebea AccessSolutions Thai Ltd. | C15: 30E-73134-0000 | D15: RUBBER, WIRE GUIDE | E15: F-RP | F15: PRESS | G15: OEM/Sub auto | H15: 2000 | I15: 2000 | J15: 3720 | K15: 3720 | L15: 0 | M15: 0 | N15: 0 | O15: 0 | P15: 30E-73134-0000 | T15: =MAX(H15:I15) -> 2000 | U15: =+I15 -> 2000 | Y15: =MAX(L15:M15) -> 0 | Z15: =ROUNDUP(Y15*$Z$1,0) -> 0
A16: 0000100050 | B16: Minebea AccessSolutions Thai Ltd. | C16: 42528-SMA-9010-Y1 | D16: RUBBER GUIDE (24X2;7.5) | E16: F-RP | F16: SPC | G16: OEM/Sub auto | H16: 120000 | I16: 90000 | J16: 204000 | K16: 153000 | L16: 100000 | M16: 0 | N16: 170000 | O16: 0 | P16: SMA-73134-0001 | T16: =MAX(H16:I16) -> 120000 | U16: =+I16 -> 90000 | Y16: =MAX(L16:M16) -> 100000 | Z16: =ROUNDUP(Y16*$Z$1,0) -> 30000
A17: 0000100050 | B17: Minebea AccessSolutions Thai Ltd. | C17: J25-73134-0002 | D17: RUBBER, GUIDE | E17: F-RP | F17: PRESS | G17: OEM/Sub auto | H17: 900000 | I17: 940000 | J17: 594000 | K17: 620400 | L17: 900000 | M17: 0 | N17: 594000 | O17: 0 | P17: J25-73134-0002 | T17: =MAX(H17:I17) -> 940000 | U17: =+I17 -> 940000 | Y17: =MAX(L17:M17) -> 900000 | Z17: =ROUNDUP(Y17*$Z$1,0) -> 270000
A18: 0000100056 | B18: ISUZU MOTORS CO., (THAILAND) LTD. | C18: 8983943812 | D18: DUCT ASM;A/CL OTLT | E18: F-RP | F18: PRESS | G18: OEM/Auto | H18: 1665 | I18: 1065 | J18: 503079.75 | K18: 321789.75 | L18: 1275 | M18: 0 | N18: 385241.25 | O18: 0 | P18: 8983943812 | T18: =MAX(H18:I18) -> 1665 | U18: =+I18 -> 1065 | Y18: =MAX(L18:M18) -> 1275 | Z18: =ROUNDUP(Y18*$Z$1,0) -> 383
A19: 0000100056 | B19: ISUZU MOTORS CO., (THAILAND) LTD. | C19: 8983943862 | D19: DUCT ASM;A/CL OTLT | E19: F-RP | F19: PRESS | G19: OEM/Auto | H19: 480 | I19: 270 | J19: 162854.4 | K19: 91605.6 | L19: 165 | M19: 0 | N19: 55981.2 | O19: 0 | P19: 8983943862 | T19: =MAX(H19:I19) -> 480 | U19: =+I19 -> 270 | Y19: =MAX(L19:M19) -> 165 | Z19: =ROUNDUP(Y19*$Z$1,0) -> 50
A20: 0000100056 | B20: ISUZU MOTORS CO., (THAILAND) LTD. | C20: 8983947931 | D20: RUBBER,BUMPER REAR | E20: F-EM | F20: PRESS | G20: OEM/Auto | H20: 4080 | I20: 2580 | J20: 235497.6 | K20: 148917.6 | L20: 2760 | M20: 0 | N20: 159307.2 | O20: 0 | P20: 8983947931 | T20: =MAX(H20:I20) -> 4080 | U20: =+I20 -> 2580 | Y20: =MAX(L20:M20) -> 2760 | Z20: =ROUNDUP(Y20*$Z$1,0) -> 828
A21: 0000100056 | B21: ISUZU MOTORS CO., (THAILAND) LTD. | C21: 8983954210 | D21: RUBBER,BUMPER REAR | E21: F-EM | F21: PRESS | G21: OEM/Auto | H21: 120 | I21: 60 | J21: 9867.6 | K21: 4933.8 | L21: 0 | M21: 0 | N21: 0 | O21: 0 | P21: 8983954210 | T21: =MAX(H21:I21) -> 120 | U21: =+I21 -> 60 | Y21: =MAX(L21:M21) -> 0 | Z21: =ROUNDUP(Y21*$Z$1,0) -> 0
A22: 0000100056 | B22: ISUZU MOTORS CO., (THAILAND) LTD. | C22: 5JX2228990 | D22: DUCT ASM;A/CL OTLT | E22: F-RP | F22: PRESS | G22: OEM/Auto | H22: 1515 | I22: 405 | J22: 463256.7 | K22: 123840.9 | L22: 825 | M22: 0 | N22: 252268.5 | O22: 0 | P22: 898278-8110 | T22: =MAX(H22:I22) -> 1515 | U22: =+I22 -> 405 | Y22: =MAX(L22:M22) -> 825 | Z22: =ROUNDUP(Y22*$Z$1,0) -> 248
A23: 0000100056 | B23: ISUZU MOTORS CO., (THAILAND) LTD. | C23: 897946-5490 | D23: RUBBER;BUMPER,RE | E23: F-EM | F23: PRESS | G23: OEM/Auto | H23: 990 | I23: 660 | J23: 65340 | K23: 43560 | L23: 1290 | M23: 0 | N23: 85140 | O23: 0 | P23: 897946-5493 | T23: =MAX(H23:I23) -> 990 | U23: =+I23 -> 660 | Y23: =MAX(L23:M23) -> 1290 | Z23: =ROUNDUP(Y23*$Z$1,0) -> 387
A24: 0000100056 | B24: ISUZU MOTORS CO., (THAILAND) LTD. | C24: 897946-803A | D24: 630 cap Bump Rub 6x3 5cyc;hr | E24: F-EM | F24: PRESS | G24: OEM/Auto | H24: 4950 | I24: 2370 | J24: 354469.5 | K24: 169715.7 | L24: 7950 | M24: 0 | N24: 569299.5 | O24: 0 | P24: 897946-8031 | T24: =MAX(H24:I24) -> 4950 | U24: =+I24 -> 2370 | Y24: =MAX(L24:M24) -> 7950 | Z24: =ROUNDUP(Y24*$Z$1,0) -> 2385
A25: 0000100057 | B25: ISUZU ENGINE MANUFACTURING | C25: 897361-8110 | D25: MOUNTING:RUB (100X3 5CYC/HR)TP-363 | E25: F-RPM | F25: PRESS | G25: OEM/Auto | H25: 3240 | I25: 420 | J25: 21384 | K25: 2772 | L25: 2700 | M25: 98 | N25: 17820 | O25: 646.8 | P25: 897361-8111 | T25: =MAX(H25:I25) -> 3240 | U25: =+I25 -> 420 | Y25: =MAX(L25:M25) -> 2700 | Z25: =ROUNDUP(Y25*$Z$1,0) -> 810
A26: 0000100058 | B26: ISUZU MOTORS CO., (THAILAND) LTD. | C26: 1511720971 | D26: BUMPER ASM;FRT SPR FRT | E26: F-RPM | F26: PRESS | G26: OEM/Auto | H26: 900 | I26: 168 | J26: 132903 | K26: 24808.56 | L26: 888 | M26: 0 | N26: 131130.96 | O26: 0 | P26: 8975470950 | T26: =MAX(H26:I26) -> 900 | U26: =+I26 -> 168 | Y26: =MAX(L26:M26) -> 888 | Z26: =ROUNDUP(Y26*$Z$1,0) -> 267
A27: 0000100058 | B27: ISUZU MOTORS CO., (THAILAND) LTD. | C27: 7552008070 | D27: SEAL;CHARING PORT | E27: F-RP | F27: PRESS | G27: OEM/Auto | H27: 6 | I27: 0 | J27: 943.86 | K27: 0 | L27: 10 | M27: 0 | N27: 1573.1 | O27: 0 | P27: 7552008072 | T27: =MAX(H27:I27) -> 6 | U27: =+I27 -> 0 | Y27: =MAX(L27:M27) -> 10 | Z27: =ROUNDUP(Y27*$Z$1,0) -> 3
A28: 0000100058 | B28: ISUZU MOTORS CO., (THAILAND) LTD. | C28: 7552091840 | D28: DUCT ASM;A/CL OTLT | E28: F-RP | F28: PRESS | G28: OEM/Auto | H28: 0 | I28: 0 | J28: 0 | K28: 0 | L28: 60 | M28: 0 | N28: 19900.2 | O28: 0 | P28: 7552091840 | T28: =MAX(H28:I28) -> 0 | U28: =+I28 -> 0 | Y28: =MAX(L28:M28) -> 60 | Z28: =ROUNDUP(Y28*$Z$1,0) -> 18
A29: 0000100058 | B29: ISUZU MOTORS CO., (THAILAND) LTD. | C29: 7552125760 | D29: RUBBER;SUPPORT FRONT MOTOR MTG,FRT | E29: F-RPM | F29: PRESS | G29: OEM/Auto | H29: 6 | I29: 0 | J29: 8832.18 | K29: 0 | L29: 10 | M29: 0 | N29: 14720.3 | O29: 0 | P29: 7552125760 | T29: =MAX(H29:I29) -> 6 | U29: =+I29 -> 0 | Y29: =MAX(L29:M29) -> 10 | Z29: =ROUNDUP(Y29*$Z$1,0) -> 3
A30: 0000100058 | B30: ISUZU MOTORS CO., (THAILAND) LTD. | C30: 7552125770 | D30: RUBBER;SUPPORT FRONT MOTOR MTG,RH | E30: F-RPM | F30: PRESS | G30: OEM/Auto | H30: 6 | I30: 0 | J30: 8840.76 | K30: 0 | L30: 10 | M30: 0 | N30: 14734.6 | O30: 0 | P30: 7552125770 | T30: =MAX(H30:I30) -> 6 | U30: =+I30 -> 0 | Y30: =MAX(L30:M30) -> 10 | Z30: =ROUNDUP(Y30*$Z$1,0) -> 3
A31: 0000100058 | B31: ISUZU MOTORS CO., (THAILAND) LTD. | C31: 7552125780 | D31: RUUBER;SUPPORT FRONT MOTOR MTG,LH | E31: F-RPM | F31: PRESS | G31: OEM/Auto | H31: 6 | I31: 0 | J31: 8221.56 | K31: 0 | L31: 10 | M31: 0 | N31: 13702.6 | O31: 0 | P31: 7552125780 | T31: =MAX(H31:I31) -> 6 | U31: =+I31 -> 0 | Y31: =MAX(L31:M31) -> 10 | Z31: =ROUNDUP(Y31*$Z$1,0) -> 3
A32: 0000100058 | B32: ISUZU MOTORS CO., (THAILAND) LTD. | C32: 7552125790 | D32: RUBBER;SUPPORT REAR MOTOR MTG,RH | E32: F-RPM | F32: PRESS | G32: OEM/Auto | H32: 6 | I32: 0 | J32: 10018.5 | K32: 0 | L32: 10 | M32: 0 | N32: 16697.5 | O32: 0 | P32: 7552125790 | T32: =MAX(H32:I32) -> 6 | U32: =+I32 -> 0 | Y32: =MAX(L32:M32) -> 10 | Z32: =ROUNDUP(Y32*$Z$1,0) -> 3
A33: 0000100058 | B33: ISUZU MOTORS CO., (THAILAND) LTD. | C33: 7552125800 | D33: RUBBER;SUPPORT REAR MOTOR MT,LH | E33: F-RPM | F33: PRESS | G33: OEM/Auto | H33: 6 | I33: 0 | J33: 9763.86 | K33: 0 | L33: 10 | M33: 0 | N33: 16273.1 | O33: 0 | P33: 7552125800 | T33: =MAX(H33:I33) -> 6 | U33: =+I33 -> 0 | Y33: =MAX(L33:M33) -> 10 | Z33: =ROUNDUP(Y33*$Z$1,0) -> 3
A34: 0000100058 | B34: ISUZU MOTORS CO., (THAILAND) LTD. | C34: 7552125810 | D34: RUBBER;SUPPORT REAR MOTOR MTG,RR | E34: F-RPM | F34: PRESS | G34: OEM/Auto | H34: 6 | I34: 0 | J34: 12214.74 | K34: 0 | L34: 10 | M34: 0 | N34: 20357.9 | O34: 0 | P34: 7552125811 | T34: =MAX(H34:I34) -> 6 | U34: =+I34 -> 0 | Y34: =MAX(L34:M34) -> 10 | Z34: =ROUNDUP(Y34*$Z$1,0) -> 3
A35: 0000100058 | B35: ISUZU MOTORS CO., (THAILAND) LTD. | C35: 7552296440 | D35: DUCT ASM;A/CL OTLT | E35: F-RP | F35: PRESS | G35: OEM/Auto | H35: 3102 | I35: 263 | J35: 2341048.4 | K35: 198483.47 | L35: 3477 | M35: 0 | N35: 2624057.1 | O35: 0 | P35: 7552296441 | T35: =MAX(H35:I35) -> 3102 | U35: =+I35 -> 263 | Y35: =MAX(L35:M35) -> 3477 | Z35: =ROUNDUP(Y35*$Z$1,0) -> 1044
A36: 0000100058 | B36: ISUZU MOTORS CO., (THAILAND) LTD. | C36: 7553180490 | D36: RUBBER,BUMPER,REAR,FOR LCV | E36: F-RPM | F36: PRESS | G36: OEM/Auto | H36: 4150 | I36: 168 | J36: 324239.5 | K36: 13125.84 | L36: 4484 | M36: 0 | N36: 350334.92 | O36: 0 | P36: 7553180490 | T36: =MAX(H36:I36) -> 4150 | U36: =+I36 -> 168 | Y36: =MAX(L36:M36) -> 4484 | Z36: =ROUNDUP(Y36*$Z$1,0) -> 1346
A37: 0000100058 | B37: ISUZU MOTORS CO., (THAILAND) LTD. | C37: 8978760470 | D37: DUCT ASM;A/CL OTLT | E37: F-RP | F37: PRESS | G37: OEM/Auto | H37: 1786 | I37: 345 | J37: 548123.4 | K37: 105880.5 | L37: 1905 | M37: 0 | N37: 584644.5 | O37: 0 | P37: 5899491630 | T37: =MAX(H37:I37) -> 1786 | U37: =+I37 -> 345 | Y37: =MAX(L37:M37) -> 1905 | Z37: =ROUNDUP(Y37*$Z$1,0) -> 572
... A43: 0000100058 | B43: ISUZU MOTORS CO., (THAILAND) LTD. | C43: 8983954210 | D43: RUBBER,BUMPER REAR | E43: F-EM | F43: PRESS | G43: OEM/Auto | H43: 4232 | I43: 420 | J43: 347997.36 | K43: 34536.6 | L43: 1704 | M43: 0 | N43: 140119.92 | O43: 0 | P43: 8983954210 | T43: =MAX(H43:I43) -> 4232 | U43: =+I43 -> 420 | Y43: =MAX(L43:M43) -> 1704 | Z43: =ROUNDUP(Y43*$Z$1,0) -> 512
A44: 0000100058 | B44: ISUZU MOTORS CO., (THAILAND) LTD. | C44: 109337-0170 | D44: RUBBER;MOUNTING (6x1:4cyc/hr)boxTP-331 | E44: F-RPM | F44: PRESS | G44: OEM/Auto | H44: 1368 | I44: 288 | J44: 48960.72 | K44: 10307.52 | L44: 1116 | M44: 0 | N44: 39941.64 | O44: 0 | P44: 109337-0170 | T44: =MAX(H44:I44) -> 1368 | U44: =+I44 -> 288 | Y44: =MAX(L44:M44) -> 1116 | Z44: =ROUNDUP(Y44*$Z$1,0) -> 335
A45: 0000100058 | B45: ISUZU MOTORS CO., (THAILAND) LTD. | C45: 122159-0940 | D45: SUPPORT RUBBER (9x1=4.5cyc/hr)boxTP-331 | E45: F-RPM | F45: PRESS | G45: OEM/Auto | H45: 3480 | I45: 720 | J45: 52513.2 | K45: 10864.8 | L45: 2940 | M45: 0 | N45: 44364.6 | O45: 0 | P45: 122159-0940 | T45: =MAX(H45:I45) -> 3480 | U45: =+I45 -> 720 | Y45: =MAX(L45:M45) -> 2940 | Z45: =ROUNDUP(Y45*$Z$1,0) -> 882
A46: 0000100058 | B46: ISUZU MOTORS CO., (THAILAND) LTD. | C46: 151172-0811 | D46: Plate; Clamp, FW FR (5X1 5 CYC/HR) | E46: F-EM | F46: PRESS | G46: OEM/Auto | H46: 288 | I46: 48 | J46: 54313.92 | K46: 9052.32 | L46: 240 | M46: 0 | N46: 45261.6 | O46: 0 | P46: 151172-0811 | T46: =MAX(H46:I46) -> 288 | U46: =+I46 -> 48 | Y46: =MAX(L46:M46) -> 240 | Z46: =ROUNDUP(Y46*$Z$1,0) -> 72
A47: 0000100058 | B47: ISUZU MOTORS CO., (THAILAND) LTD. | C47: 151172-0852 | D47: bump rubber:frt 4x1 6 cycle/hr | E47: F-EM | F47: PRESS | G47: OEM/Auto | H47: 192 | I47: 48 | J47: 35352.96 | K47: 8838.24 | L47: 144 | M47: 0 | N47: 26514.72 | O47: 0 | P47: 151172-0852 | T47: =MAX(H47:I47) -> 192 | U47: =+I47 -> 48 | Y47: =MAX(L47:M47) -> 144 | Z47: =ROUNDUP(Y47*$Z$1,0) -> 44
A48: 0000100058 | B48: ISUZU MOTORS CO., (THAILAND) LTD. | C48: 153366-1380 | D48: SEAT ; BODY FRT SP 4x1 5 cyc;hr | E48: F-EM | F48: PRESS | G48: OEM/Auto | H48: 456 | I48: 96 | J48: 23862.48 | K48: 5023.68 | L48: 372 | M48: 0 | N48: 19466.76 | O48: 0 | P48: 153366-1380 | T48: =MAX(H48:I48) -> 456 | U48: =+I48 -> 96 | Y48: =MAX(L48:M48) -> 372 | Z48: =ROUNDUP(Y48*$Z$1,0) -> 112
A49: 0000100058 | B49: ISUZU MOTORS CO., (THAILAND) LTD. | C49: 153366-1390 | D49: RUBBER;CUSHION, CAB MTG 4x1 6 cyc;hr | E49: F-EM | F49: PRESS | G49: OEM/Auto | H49: 456 | I49: 96 | J49: 53324.64 | K49: 11226.24 | L49: 372 | M49: 0 | N49: 43501.68 | O49: 0 | P49: 897948-0230 | T49: =MAX(H49:I49) -> 456 | U49: =+I49 -> 96 | Y49: =MAX(L49:M49) -> 372 | Z49: =ROUNDUP(Y49*$Z$1,0) -> 112
A50: 0000100058 | B50: ISUZU MOTORS CO., (THAILAND) LTD. | C50: 153366-1440 | D50: RUBBER CUSHION 4x1 6 cyc;hr | E50: F-EM | F50: PRESS | G50: OEM/Auto | H50: 456 | I50: 96 | J50: 32941.44 | K50: 6935.04 | L50: 372 | M50: 0 | N50: 26873.28 | O50: 0 | P50: 897926-5720 | T50: =MAX(H50:I50) -> 456 | U50: =+I50 -> 96 | Y50: =MAX(L50:M50) -> 372 | Z50: =ROUNDUP(Y50*$Z$1,0) -> 112
A51: 0000100058 | B51: ISUZU MOTORS CO., (THAILAND) LTD. | C51: 182117-0860 | D51: Rubber Support Headlamp 8x1 6 cyc/hr | E51: F-EM | F51: PRESS | G51: OEM/Auto | H51: 5424 | I51: 1056 | J51: 173676.48 | K51: 33813.12 | L51: 5040 | M51: 0 | N51: 161380.8 | O51: 0 | P51: 897926-5710 | T51: =MAX(H51:I51) -> 5424 | U51: =+I51 -> 1056 | Y51: =MAX(L51:M51) -> 5040 | Z51: =ROUNDUP(Y51*$Z$1,0) -> 1512
A52: 0000100058 | B52: ISUZU MOTORS CO., (THAILAND) LTD. | C52: 897916-0090 | D52: RUBBER CUSHION | E52: F-EM | F52: PRESS | G52: OEM/Auto | H52: 456 | I52: 96 | J52: 48231.12 | K52: 10153.92 | L52: 372 | M52: 0 | N52: 39346.44 | O52: 0 | P52: 897916-0090 | T52: =MAX(H52:I52) -> 456 | U52: =+I52 -> 96 | Y52: =MAX(L52:M52) -> 372 | Z52: =ROUNDUP(Y52*$Z$1,0) -> 112
A53: 0000100058 | B53: ISUZU MOTORS CO., (THAILAND) LTD. | C53: 897916-0110 | D53: CUS R FWR LH (2X1;26)box1026 | E53: F-EM | F53: PRESS | G53: OEM/Auto | H53: 456 | I53: 96 | J53: 48231.12 | K53: 10153.92 | L53: 372 | M53: 0 | N53: 39346.44 | O53: 0 | P53: 897916-0110 | T53: =MAX(H53:I53) -> 456 | U53: =+I53 -> 96 | Y53: =MAX(L53:M53) -> 372 | Z53: =ROUNDUP(Y53*$Z$1,0) -> 112
A54: 0000100058 | B54: ISUZU MOTORS CO., (THAILAND) LTD. | C54: 898002-0850 | D54: BUMPER AM; RR SPR (4x1;5cyc/hr) | E54: F-EM | F54: PRESS | G54: OEM/Auto | H54: 336 | I54: 72 | J54: 55725.6 | K54: 11941.2 | L54: 288 | M54: 0 | N54: 47764.8 | O54: 0 | P54: 897924-2220 | T54: =MAX(H54:I54) -> 336 | U54: =+I54 -> 72 | Y54: =MAX(L54:M54) -> 288 | Z54: =ROUNDUP(Y54*$Z$1,0) -> 87
A55: 0000100058 | B55: ISUZU MOTORS CO., (THAILAND) LTD. | C55: 898033-5160 | D55: bump rubber:frt 4x1 6 cycle/hr | E55: F-EM | F55: PRESS | G55: OEM/Auto | H55: 60 | I55: 0 | J55: 5214.6 | K55: 0 | L55: 120 | M55: 0 | N55: 10429.2 | O55: 0 | P55: 897925-2490 | T55: =MAX(H55:I55) -> 60 | U55: =+I55 -> 0 | Y55: =MAX(L55:M55) -> 120 | Z55: =ROUNDUP(Y55*$Z$1,0) -> 36
... A58: 0000100077 | B58: MITSUBISHI MOTORS(THAILAND) | C58: MR992397 | D58: STOPPER,REBOUND | E58: F-EM | F58: PRESS | G58: OEM/Auto | H58: 750 | I58: 8 | J58: 14625 | K58: 156 | L58: 300 | M58: 0 | N58: 5850 | O58: 0 | P58: MR992397 | T58: =MAX(H58:I58) -> 750 | U58: =+I58 -> 8 | Y58: =MAX(L58:M58) -> 300 | Z58: =ROUNDUP(Y58*$Z$1,0) -> 90
A59: 0000100078 | B59: MITSUBISHI MOTORS(THAILAND) | C59: 1093A035 | D59: INSULATOR,ENG MOUNTING | E59: F-EM | F59: PRESS | G59: Spare parts | H59: 120 | I59: 116 | J59: 22071.6 | K59: 21335.88 | L59: 0 | M59: 0 | N59: 0 | O59: 0 | T59: =MAX(H59:I59) -> 120 | U59: =+I59 -> 116 | Y59: =MAX(L59:M59) -> 0 | Z59: =ROUNDUP(Y59*$Z$1,0) -> 0
A60: 0000100078 | B60: MITSUBISHI MOTORS(THAILAND) | C60: 1093A044 | D60: INSULATOR,T/M MOUNTING | E60: F-EM | F60: PRESS | G60: Spare parts | H60: 3 | I60: 3 | J60: 1028.4 | K60: 1028.4 | L60: 2 | M60: 2 | N60: 685.6 | O60: 685.6 | T60: =MAX(H60:I60) -> 3 | U60: =+I60 -> 3 | Y60: =MAX(L60:M60) -> 2 | Z60: =ROUNDUP(Y60*$Z$1,0) -> 1
A61: 0000100078 | B61: MITSUBISHI MOTORS(THAILAND) | C61: 1093A088 | D61: INSULATOR,T/M MOUNTING | E61: F-EM | F61: PRESS | G61: Spare parts | H61: 7 | I61: 7 | J61: 2885.05 | K61: 2885.05 | L61: 4 | M61: 4 | N61: 1648.6 | O61: 1648.6 | T61: =MAX(H61:I61) -> 7 | U61: =+I61 -> 7 | Y61: =MAX(L61:M61) -> 4 | Z61: =ROUNDUP(Y61*$Z$1,0) -> 2
